remote_worker_id,location,industry,age,experience_years,average_daily_work_hours,break_frequency_per_day,task_completion_rate,late_task_ratio,calendar_scheduled_usage,focus_time_minutes,tool_usage_frequency,automated_task_count,AI_assisted_planning,real_time_feedback_score,productivity_label,productivity_score,congestionStatus,avg_vehicle_count,avg_speed,avg_traffic_reduction
W0001,Village,Healthcare,23,26,7.45,1,66.3770237330691,0.254623692804906,55.4969257899761,106,19,13,0,80,Low,32.31,Low,125.641259698768,42.4201734367869,15.1596531264263
W0002,City,Healthcare,27,27,9.82,3,88.226501122943,0.173382437303214,66.4967553779198,141,5,1,1,83,Medium,41.09,Low,125.641259698768,42.4201734367869,15.1596531264263
W0003,Village,Retail,30,8,7.38,2,67.0041702415159,0.351835126334531,41.3670644679594,92,4,4,0,81,Low,25.69,Low,125.641259698768,42.4201734367869,15.1596531264263
W0004,Village,Finance,54,19,8.37,1,66.004424038903,0.347839600891566,51.0868047095759,94,17,9,1,84,Low,31.98,Medium,124.515487748497,27.3363384188627,45.3273231622746
W0005,City,Education,46,1,7.51,4,91.4689416391293,0.0855822907123904,93.618344252345,202,14,8,0,64,High,48.19,Low,125.641259698768,42.4201734367869,15.1596531264263
W0006,City,Finance,34,29,7.98,5,78.6886282397139,0.105673020482805,62.3379903482162,160,5,11,0,81,Medium,36.08,Medium,124.515487748497,27.3363384188627,45.3273231622746
W0007,Village,Finance,30,14,7.85,5,96.7054050650609,0.0318352022136011,87.6245990554975,210,18,2,0,55,High,49.91,Medium,124.515487748497,27.3363384188627,45.3273231622746
W0008,Town,Healthcare,34,20,6.99,3,70.0724395473796,0.378185299604896,37.4516166857456,94,0,7,0,94,Low,24.77,Medium,124.515487748497,27.3363384188627,45.3273231622746
W0009,Village,Finance,52,13,8.81,1,78.349124991322,0.16228206350265,71.6867344600298,137,0,3,1,70,Medium,38.28,Low,125.641259698768,42.4201734367869,15.1596531264263
W0010,Village,IT,32,8,8.36,4,81.041113677867,0.134487755629245,69.8029716919831,121,12,5,1,82,Medium,41.38,Low,125.641259698768,42.4201734367869,15.1596531264263
W0011,Village,Healthcare,25,20,8.73,1,99.4053730110295,0.0905943967926265,91.3361221002093,211,2,9,1,81,High,49.67,Medium,124.515487748497,27.3363384188627,45.3273231622746
W0012,Village,IT,55,33,7.88,5,73.3453205029373,0.331147935329213,50.7427453927681,113,9,5,1,68,Low,32.69,Medium,124.515487748497,27.3363384188627,45.3273231622746
W0013,City,Education,59,26,6.41,1,81.3229459372637,0.228509491975885,77.9378009326769,163,2,2,0,82,Medium,38.17,Medium,124.515487748497,27.3363384188627,45.3273231622746
W0014,Village,Healthcare,25,21,9.55,4,82.8497227392595,0.114258480524885,63.8089119075608,169,8,13,0,77,Medium,38.14,Low,125.641259698768,42.4201734367869,15.1596531264263
W0015,Town,Education,59,9,7.18,3,71.3906201637301,0.25536493645224,45.3185716240876,106,7,4,1,80,Low,31.37,Medium,124.515487748497,27.3363384188627,45.3273231622746
W0016,City,Healthcare,40,24,7.94,2,81.3792515017433,0.190854886068981,73.145414255056,136,2,11,1,70,Medium,39.59,Low,125.641259698768,42.4201734367869,15.1596531264263
W0017,Town,Retail,27,17,8.26,1,66.595172212775,0.311672339851021,36.8604698311219,72,12,2,0,83,Low,26.66,Medium,124.515487748497,27.3363384188627,45.3273231622746
W0018,Town,Finance,55,24,7.93,2,90.6724063405204,0.0464689468445165,96.4147168163146,230,5,10,0,64,High,47.12,Low,125.641259698768,42.4201734367869,15.1596531264263
W0019,Town,Retail,39,21,8.6,5,72.1299836405826,0.254998479915926,56.4708341762092,100,12,14,1,63,Low,34.82,Low,125.641259698768,42.4201734367869,15.1596531264263
W0020,Town,Education,34,13,8.79,3,79.2450736540603,0.204698570724669,75.0149381748922,159,19,10,1,68,Medium,42.6,Low,125.641259698768,42.4201734367869,15.1596531264263
W0021,City,Finance,44,11,7.23,3,82.1722050528165,0.120286178686975,70.8488398551936,174,19,14,1,92,Medium,43.49,Low,125.641259698768,42.4201734367869,15.1596531264263
W0022,City,Healthcare,40,19,9.45,1,63.2388819848021,0.270455665754419,35.7039681887052,117,11,0,0,64,Low,25.66,Medium,124.515487748497,27.3363384188627,45.3273231622746
W0023,Town,Finance,32,11,7.18,3,79.058329513474,0.102177264179141,70.9219417193376,176,12,6,1,55,Medium,41.35,Low,125.641259698768,42.4201734367869,15.1596531264263
W0024,Town,IT,22,13,7.9,1,79.4292557034276,0.245971706714036,63.6806239647497,137,1,3,1,58,Medium,36.36,Low,125.641259698768,42.4201734367869,15.1596531264263
W0025,City,Finance,45,1,7.03,1,88.7821873501672,0.144663123050837,71.3943838547539,162,15,13,1,86,Medium,44.53,Low,125.641259698768,42.4201734367869,15.1596531264263
W0026,City,IT,28,19,6.69,2,85.4882095244714,0.149316143123889,71.6063415868202,134,5,6,1,69,Medium,41.53,Low,125.641259698768,42.4201734367869,15.1596531264263
W0027,City,Finance,46,12,8.75,3,82.6103380487581,0.198066688443423,67.3539502267629,123,18,2,1,83,Medium,41.92,Medium,124.515487748497,27.3363384188627,45.3273231622746
W0028,Village,IT,42,8,11.25,1,80.4408520655838,0.162398441196286,74.1867483309461,145,12,11,0,87,Medium,39.81,Medium,124.515487748497,27.3363384188627,45.3273231622746
W0029,Village,Education,36,8,7.07,2,82.6947122154845,0.233172646050373,61.98855204425,173,16,14,1,75,Medium,40.15,Low,125.641259698768,42.4201734367869,15.1596531264263
W0030,Village,Retail,22,12,8.96,4,70.2462255428781,0.307568688386027,57.4040448455622,96,8,14,0,67,Low,31.12,Medium,124.515487748497,27.3363384188627,45.3273231622746
W0031,Town,Healthcare,33,33,7.11,2,80.6021738201156,0.122574324710888,69.5678314136676,174,16,10,1,77,Medium,42.14,Low,125.641259698768,42.4201734367869,15.1596531264263
W0032,Village,Finance,28,26,7.49,2,61.0528284026792,0.356167596754372,44.007343810903,98,1,4,1,58,Low,25.8,Medium,124.515487748497,27.3363384188627,45.3273231622746
W0033,Town,Retail,36,28,9.61,1,69.8848136049324,0.323568161277968,37.4731737974862,111,18,4,1,81,Low,30.87,Low,125.641259698768,42.4201734367869,15.1596531264263
W0034,Town,Healthcare,42,5,6.21,5,80.7114764308802,0.148683116459639,74.8520548575616,142,18,14,0,55,Medium,41.36,Medium,124.515487748497,27.3363384188627,45.3273231622746
W0035,Village,Healthcare,40,8,5.89,5,71.2438632451075,0.256621834313118,58.7706734238358,83,6,12,0,63,Low,31.8,Medium,124.515487748497,27.3363384188627,45.3273231622746
W0036,Town,IT,50,25,7.4,5,79.0922426517677,0.221663086930039,61.6639358949073,135,9,1,0,77,Medium,35.7,Low,125.641259698768,42.4201734367869,15.1596531264263
W0037,Village,Education,46,27,8.3,2,87.3291080845041,0.161936678438382,70.2123813197915,120,9,10,1,73,Medium,42.47,Low,125.641259698768,42.4201734367869,15.1596531264263
W0038,Village,Education,54,23,8.06,1,69.5161611440246,0.341354341706037,52.3004256616303,85,19,9,1,62,Low,33.74,Low,125.641259698768,42.4201734367869,15.1596531264263
W0039,City,Retail,53,30,7.93,3,91.2126489335914,0.0113761958804549,88.2192121607181,212,8,11,0,92,High,46.58,Low,125.641259698768,42.4201734367869,15.1596531264263
W0040,Village,Education,56,23,7.54,2,81.1074222771005,0.245792626788971,60.7134940811409,174,16,1,0,61,Medium,37.29,Medium,124.515487748497,27.3363384188627,45.3273231622746
W0041,City,Finance,59,20,8.44,2,99.4039703394554,0.0260666382562102,97.0669299521745,206,14,3,1,68,High,53.86,Low,125.641259698768,42.4201734367869,15.1596531264263
W0042,Village,Education,47,18,4,1,96.2854403087886,0.00950402406516194,81.8990729483666,215,1,14,0,70,High,45.46,Medium,124.515487748497,27.3363384188627,45.3273231622746
W0043,Village,Retail,32,18,6.6,4,70.7695078293822,0.339508448515933,39.7788590198996,65,3,3,1,76,Low,28.42,Medium,124.515487748497,27.3363384188627,45.3273231622746
W0044,City,Education,56,2,7.39,2,94.4510666371799,0.0113135937674024,87.0275793351622,185,18,3,0,68,High,49.3,Low,125.641259698768,42.4201734367869,15.1596531264263
W0045,City,Finance,29,4,8.35,4,87.4437951643395,0.10724866132831,70.701861032688,173,16,5,0,73,Medium,42.57,Low,125.641259698768,42.4201734367869,15.1596531264263
W0046,Village,IT,35,30,9.29,4,72.6176289091519,0.274588039307042,41.0608554871906,103,4,1,0,75,Low,28.09,Low,125.641259698768,42.4201734367869,15.1596531264263
W0047,Town,Retail,31,33,6.44,5,99.6881644148338,0.0991892857319642,95.7952354746927,198,6,5,1,94,High,51.36,Low,125.641259698768,42.4201734367869,15.1596531264263
W0048,City,IT,23,18,9.25,1,92.7887192626097,0.095021120586543,81.2652534364135,194,17,6,1,77,High,48.62,Medium,124.515487748497,27.3363384188627,45.3273231622746
W0049,Town,IT,30,19,6.96,4,69.7061645597209,0.367708512276904,53.9671559211944,75,6,10,0,95,Low,29.26,Low,125.641259698768,42.4201734367869,15.1596531264263
W0050,Town,IT,24,28,7.34,1,96.693483507628,0.0831573925910453,83.0062124496794,237,16,9,1,67,High,50.08,Low,125.641259698768,42.4201734367869,15.1596531264263
W0051,Town,Healthcare,42,20,8.2,5,85.686306612971,0.18796892685622,64.9636575166181,158,6,2,1,93,Medium,40.08,Medium,124.515487748497,27.3363384188627,45.3273231622746
W0052,City,Healthcare,47,33,7.26,1,66.5584573192192,0.339745911354403,30.8981474992528,88,3,10,1,85,Low,25.39,Low,125.641259698768,42.4201734367869,15.1596531264263
W0053,Town,IT,29,12,8.83,2,96.8833076233268,0.0604130628856535,98.7163124822229,216,7,11,1,91,High,51.69,Low,125.641259698768,42.4201734367869,15.1596531264263
W0054,City,Retail,23,15,7.01,4,99.8265241149357,0.0637047553503628,83.2327538756919,238,12,7,0,78,High,48.46,Low,125.641259698768,42.4201734367869,15.1596531264263
W0055,Town,Finance,27,2,7.03,1,75.5024985166451,0.237228670888114,66.6883150675357,128,3,1,1,66,Medium,36.27,Low,125.641259698768,42.4201734367869,15.1596531264263
W0056,Village,Finance,49,29,8.76,3,85.6045667101235,0.209755790908473,73.4744333720937,124,5,10,1,53,Medium,41.33,Medium,124.515487748497,27.3363384188627,45.3273231622746
W0057,Village,Education,50,10,6.58,1,62.9540936839054,0.353243949764088,36.3719597532015,79,4,7,0,93,Low,23.46,Medium,124.515487748497,27.3363384188627,45.3273231622746
W0058,City,Retail,47,2,7.8,4,66.7593413065972,0.298460660260863,54.330161803548,113,11,12,1,94,Low,32.16,Low,125.641259698768,42.4201734367869,15.1596531264263
W0059,Village,Healthcare,46,11,5.51,5,96.5976364045308,0.0136982222309528,93.7373298746982,200,3,10,1,78,High,50.27,Medium,124.515487748497,27.3363384188627,45.3273231622746
W0060,Village,IT,33,13,9.68,5,78.8361649253977,0.14722617331131,62.2192780469451,153,8,4,1,53,Medium,38.29,Low,125.641259698768,42.4201734367869,15.1596531264263
W0061,Town,Education,26,10,8.95,4,83.7835517744219,0.138932564990962,65.5554294531071,169,3,1,0,59,Medium,37.53,Low,125.641259698768,42.4201734367869,15.1596531264263
W0062,City,Finance,55,14,10.8,2,91.0448031675396,0.0720267923947396,93.7456600882626,208,18,6,0,74,High,49.03,Medium,124.515487748497,27.3363384188627,45.3273231622746
W0063,Town,Healthcare,58,18,9.11,2,88.8747911223472,0.115292882437042,67.6882555403619,171,13,13,1,80,Medium,43.72,Medium,124.515487748497,27.3363384188627,45.3273231622746
W0064,Town,Healthcare,36,9,6.14,5,85.5915401689343,0.138604818760245,73.1766869038801,146,4,1,1,52,Medium,41.79,Low,125.641259698768,42.4201734367869,15.1596531264263
W0065,Town,IT,57,28,8.3,5,75.7907679360488,0.200928255671454,76.0177019916264,155,17,13,0,96,Medium,39.4,Low,125.641259698768,42.4201734367869,15.1596531264263
W0066,Town,Finance,36,3,6.4,4,63.0973294772936,0.351561056898767,52.394968000905,61,9,5,0,51,Low,27.72,Medium,124.515487748497,27.3363384188627,45.3273231622746
W0067,Town,Retail,44,20,9.39,2,86.2456876087798,0.140800386059648,73.7359250633995,161,18,9,0,74,Medium,42.88,Low,125.641259698768,42.4201734367869,15.1596531264263
W0068,Town,Healthcare,27,6,6.18,5,94.9786918051432,0.0841808709028819,96.027041165405,208,11,2,1,98,High,51.14,Low,125.641259698768,42.4201734367869,15.1596531264263
W0069,Town,IT,42,27,6.12,2,94.5442231915954,0.074514480982782,84.2713460067239,199,17,8,1,55,High,49.96,Low,125.641259698768,42.4201734367869,15.1596531264263
W0070,City,Retail,44,2,5.57,5,92.2763253581939,0.0524436345857749,96.121934959215,223,16,2,0,75,High,49.68,Low,125.641259698768,42.4201734367869,15.1596531264263
W0071,Village,Finance,37,29,6.91,1,96.422096370027,0.0245631574048815,82.1855889073632,200,10,10,1,57,High,49.2,Medium,124.515487748497,27.3363384188627,45.3273231622746
W0072,Town,Healthcare,36,3,6.67,3,90.9896862340871,0.0271381395079585,97.1021884399488,189,2,14,1,84,High,48.92,Low,125.641259698768,42.4201734367869,15.1596531264263
W0073,Town,Retail,46,16,5.99,1,82.4686986626881,0.107913492224814,68.6818381480667,177,16,11,1,76,Medium,42.67,Low,125.641259698768,42.4201734367869,15.1596531264263
W0074,Town,Retail,57,30,9.89,5,90.4097822224989,0.0705063284205379,89.0197300529669,216,0,11,1,74,High,46.31,Low,125.641259698768,42.4201734367869,15.1596531264263
W0075,Town,Retail,32,2,8.14,3,84.9053194656926,0.104676236366788,76.5337371193526,178,14,2,1,67,Medium,44.61,Low,125.641259698768,42.4201734367869,15.1596531264263
W0076,Town,Healthcare,36,17,7.99,3,66.1465808434961,0.266919537829987,50.4705908957699,71,8,4,1,50,Low,30.9,Medium,124.515487748497,27.3363384188627,45.3273231622746
W0077,Town,Healthcare,25,12,9.41,5,69.1347861976862,0.366070112285355,40.392513534077,67,14,6,1,97,Low,29.99,Medium,124.515487748497,27.3363384188627,45.3273231622746
W0078,Village,Education,42,1,7.81,5,63.2827760949644,0.322097204246861,46.0030332724909,82,2,13,0,88,Low,25.4,Low,125.641259698768,42.4201734367869,15.1596531264263
W0079,Village,Finance,34,15,6.6,2,91.2262804997801,0.0433463699733124,87.9345520093677,200,18,7,0,52,High,48.2,Medium,124.515487748497,27.3363384188627,45.3273231622746
W0080,Town,IT,43,26,5.46,5,73.5191444467298,0.252228418376126,43.9526450626885,108,12,11,0,53,Low,30.77,Medium,124.515487748497,27.3363384188627,45.3273231622746
W0081,Village,Retail,40,21,6.53,4,71.4838760367612,0.281398272407053,36.985463847459,70,11,10,0,90,Low,28.26,Medium,124.515487748497,27.3363384188627,45.3273231622746
W0082,City,Education,55,31,9.31,5,80.8078559042223,0.209908512311996,73.0316492266428,142,19,6,0,86,Medium,40.61,Medium,124.515487748497,27.3363384188627,45.3273231622746
W0083,Town,IT,35,25,5.99,4,92.8249872662096,0.0555159729790155,94.6083253003947,189,0,8,0,64,High,46.29,Low,125.641259698768,42.4201734367869,15.1596531264263
W0084,City,Education,25,23,7.92,5,65.1763293522176,0.322908631285402,39.0996821558661,76,16,4,0,57,Low,27.38,Medium,124.515487748497,27.3363384188627,45.3273231622746
W0085,City,Healthcare,48,24,8.74,2,97.7768037627489,0.073880138326819,97.8592918340966,215,12,9,0,87,High,50.66,Medium,124.515487748497,27.3363384188627,45.3273231622746
W0086,Town,Retail,50,28,7.84,4,69.2501835035281,0.392590955736981,51.16067399577,69,0,10,0,99,Low,27.11,Medium,124.515487748497,27.3363384188627,45.3273231622746
W0087,Village,IT,49,21,7.98,1,63.2158324150699,0.285956361736367,40.8055480037353,111,9,14,1,68,Low,28.11,Low,125.641259698768,42.4201734367869,15.1596531264263
W0088,City,IT,56,18,8.29,4,95.8586305052792,0.0976078332472519,90.6460872769633,208,14,2,1,96,High,50.8,Low,125.641259698768,42.4201734367869,15.1596531264263
W0089,Town,IT,29,9,7.96,2,87.7882257786583,0.161383822028769,74.2164406133767,120,6,5,0,75,Medium,40.82,Medium,124.515487748497,27.3363384188627,45.3273231622746
W0090,City,IT,37,30,9.43,4,92.4756450814179,0.0807345621200369,95.2598587257939,204,17,4,1,88,High,51.47,Low,125.641259698768,42.4201734367869,15.1596531264263
W0091,City,IT,57,34,6.25,5,60.6638189059612,0.370175725494299,47.5270408534014,110,15,11,1,59,Low,29.05,Medium,124.515487748497,27.3363384188627,45.3273231622746
W0092,City,Education,51,32,7.79,5,94.2791469018779,0.0197473583685683,92.5331727818268,229,13,3,0,87,High,49.29,Medium,124.515487748497,27.3363384188627,45.3273231622746
W0093,City,Retail,39,3,5.32,2,81.9946577679827,0.145782179519329,78.5011090587314,136,17,11,0,63,Medium,42.3,Low,125.641259698768,42.4201734367869,15.1596531264263
W0094,Village,Healthcare,23,3,5.01,3,81.758197424675,0.149652438924234,74.0657581380826,128,6,1,0,98,Medium,39.1,Medium,124.515487748497,27.3363384188627,45.3273231622746
W0095,City,Healthcare,34,28,7.4,5,92.4218344559377,0.0171709988973688,90.5966777792414,197,16,6,1,90,High,50.96,Medium,124.515487748497,27.3363384188627,45.3273231622746
W0096,City,Healthcare,25,15,8.15,1,73.8507689297547,0.351873751861534,58.5635591744877,63,17,12,1,68,Low,35.78,Low,125.641259698768,42.4201734367869,15.1596531264263
W0097,City,Healthcare,47,23,9.46,2,78.9661513919678,0.100036440165177,62.4117850958094,145,11,4,0,79,Medium,37.43,Low,125.641259698768,42.4201734367869,15.1596531264263
W0098,Village,Education,46,11,10.4,4,86.7444305877609,0.104848489798914,69.8834757789155,131,7,3,1,54,Medium,42.41,Medium,124.515487748497,27.3363384188627,45.3273231622746
W0099,City,Finance,51,32,9.08,4,96.0857159317398,0.0970904711449869,87.4721131906812,201,1,11,1,80,High,47.63,Low,125.641259698768,42.4201734367869,15.1596531264263
W0100,City,Retail,32,33,8.37,1,60.8895001139349,0.309437102022461,57.9507121744572,81,6,13,1,56,Low,30,Low,125.641259698768,42.4201734367869,15.1596531264263
W0101,Village,IT,28,24,7.69,5,65.6580780448788,0.381305689499085,42.0493085041815,110,3,7,0,68,Low,24.94,Low,125.641259698768,42.4201734367869,15.1596531264263
W0102,Village,Finance,52,34,5.66,2,90.3620726148739,0.0551141336194734,94.1736167702381,185,17,8,1,80,High,50.87,Medium,124.515487748497,27.3363384188627,45.3273231622746
W0103,Village,Healthcare,31,28,7.32,1,64.2521339228456,0.388160422944937,39.3071277112638,84,5,8,1,88,Low,26.29,Medium,124.515487748497,27.3363384188627,45.3273231622746
W0104,City,Finance,34,7,9.05,5,63.3824344685606,0.350830099534767,35.706004552478,118,8,2,1,73,Low,26.3,Low,125.641259698768,42.4201734367869,15.1596531264263
W0105,Village,Retail,52,4,8.58,2,88.2022899350403,0.219260932177175,63.4437548554795,129,8,2,1,83,Medium,40.61,Medium,124.515487748497,27.3363384188627,45.3273231622746
W0106,Village,IT,28,1,5.96,4,72.1790138735579,0.268929263653936,49.6589526363866,118,13,4,1,72,Low,33.55,Medium,124.515487748497,27.3363384188627,45.3273231622746
W0107,City,IT,57,1,8.24,2,73.4789873117303,0.268998380927079,42.1982768694858,100,7,4,1,97,Low,31.24,Low,125.641259698768,42.4201734367869,15.1596531264263
W0108,Village,Retail,41,20,8.13,3,73.1283831690875,0.263687748867857,30.5655767807051,90,18,9,1,94,Low,31.05,Low,125.641259698768,42.4201734367869,15.1596531264263
W0109,City,Retail,25,19,7.92,2,96.8553862056262,0.0436214417120045,83.8958760528785,183,2,1,0,89,High,45.88,Low,125.641259698768,42.4201734367869,15.1596531264263
W0110,Town,Healthcare,28,29,7.47,3,84.112129533558,0.129833755440703,64.5659338956368,174,17,0,0,55,Medium,40.32,Medium,124.515487748497,27.3363384188627,45.3273231622746
W0111,Village,IT,22,10,8.3,2,68.9332981611503,0.29322282036661,36.8442299793877,110,4,7,1,87,Low,27.96,Medium,124.515487748497,27.3363384188627,45.3273231622746
W0112,Town,Finance,34,18,8.34,3,91.3411962270979,0.00564013577607905,97.3659403632266,236,13,2,0,90,High,49.52,Medium,124.515487748497,27.3363384188627,45.3273231622746
W0113,City,Education,43,28,6.73,4,75.0253684741695,0.133572712908464,66.468380521889,131,3,0,1,85,Medium,37.12,Medium,124.515487748497,27.3363384188627,45.3273231622746
W0114,Village,Education,42,31,8.05,5,91.4926801266925,0.0240996257995918,98.7225114308027,237,6,0,1,76,High,50.25,Low,125.641259698768,42.4201734367869,15.1596531264263
W0115,City,Retail,43,27,7.27,3,79.6243076257963,0.102958861969476,62.5684780292572,169,19,10,1,60,Medium,41.24,Low,125.641259698768,42.4201734367869,15.1596531264263
W0116,Town,Healthcare,49,11,5.72,3,64.6901199794078,0.28109237838246,40.9561078933729,75,11,14,0,54,Low,27.02,Medium,124.515487748497,27.3363384188627,45.3273231622746
W0117,City,Education,30,5,6.83,4,97.5773494450229,0.058240096486794,93.7799996997714,195,1,1,1,66,High,49.73,Medium,124.515487748497,27.3363384188627,45.3273231622746
W0118,Village,IT,47,8,5.62,3,75.9224903104476,0.128693373504477,67.7407001606156,137,10,5,1,56,Medium,39.1,Medium,124.515487748497,27.3363384188627,45.3273231622746
W0119,Village,Retail,30,34,8.68,1,91.1092023087481,0.0406249095976905,95.4207674048971,196,13,5,0,76,High,48.69,Low,125.641259698768,42.4201734367869,15.1596531264263
W0120,Town,Finance,36,12,7.93,4,91.2703357597323,0.00585366000800501,86.108269970855,189,15,13,0,96,High,47.62,Medium,124.515487748497,27.3363384188627,45.3273231622746
W0121,City,Retail,31,1,7.07,1,86.3515935870718,0.247147945419803,77.6044078342685,148,19,2,1,64,Medium,44.82,Low,125.641259698768,42.4201734367869,15.1596531264263
W0122,Village,Finance,45,31,9.2,4,82.8093417602961,0.15691920708902,69.6244499982624,167,5,11,0,95,Medium,38.27,Medium,124.515487748497,27.3363384188627,45.3273231622746
W0123,Town,Retail,29,4,7.58,3,84.6410307317015,0.246798112200695,73.8054843093055,177,3,3,0,62,Medium,38.36,Low,125.641259698768,42.4201734367869,15.1596531264263
W0124,Village,Retail,45,5,5.78,1,98.0430471295552,0.0163114675116679,84.9840754118258,194,14,11,1,60,High,51.13,Low,125.641259698768,42.4201734367869,15.1596531264263
W0125,Village,Retail,37,30,6.97,3,79.8985364910636,0.182697608599422,66.8313197458801,178,0,12,1,94,Medium,37.58,Low,125.641259698768,42.4201734367869,15.1596531264263
W0126,City,Finance,47,24,9.46,4,97.6145883343616,0.0423386749067462,80.0900896196058,203,6,1,1,75,High,48.16,Medium,124.515487748497,27.3363384188627,45.3273231622746
W0127,Village,Finance,48,3,6.7,3,66.3261666251319,0.369542125602347,47.1223569901289,91,11,1,0,71,Low,27.86,Medium,124.515487748497,27.3363384188627,45.3273231622746
W0128,City,Retail,58,11,7.83,1,67.6723009612079,0.355410744893438,52.9883987676418,63,9,14,0,77,Low,29.17,Low,125.641259698768,42.4201734367869,15.1596531264263
W0129,Village,Education,25,4,8.39,1,60.688136802146,0.250797125373229,39.5140208500841,115,4,6,0,73,Low,24.45,Low,125.641259698768,42.4201734367869,15.1596531264263
W0130,Town,Healthcare,45,26,8.21,3,75.3419763611689,0.161762150138536,66.3260546922851,124,11,12,1,78,Medium,38.5,Low,125.641259698768,42.4201734367869,15.1596531264263
W0131,Village,Healthcare,40,27,10.44,2,65.0387965070151,0.350170932997993,31.1772835737688,94,17,0,0,58,Low,25.68,Medium,124.515487748497,27.3363384188627,45.3273231622746
W0132,City,Healthcare,57,27,6.09,4,71.1692332109205,0.38821866043248,58.376673041048,77,9,6,0,91,Low,30.98,Low,125.641259698768,42.4201734367869,15.1596531264263
W0133,City,Finance,31,6,6.21,4,62.8593406879781,0.287080767839595,58.8865730906709,107,5,13,1,53,Low,30.81,Medium,124.515487748497,27.3363384188627,45.3273231622746
W0134,Town,Finance,46,15,6.11,3,78.5254058281279,0.247154423367261,71.6604514213312,172,11,11,1,98,Medium,39.69,Medium,124.515487748497,27.3363384188627,45.3273231622746
W0135,Village,Education,39,30,7.14,2,76.1983937395188,0.12751868271383,74.4096697876499,167,6,13,1,95,Medium,39.74,Medium,124.515487748497,27.3363384188627,45.3273231622746
W0136,Village,Healthcare,40,23,8.82,1,60.4863592642269,0.297981936500165,47.3030788679156,71,17,11,0,67,Low,28.06,Medium,124.515487748497,27.3363384188627,45.3273231622746
W0137,Town,Healthcare,57,6,6.26,5,93.6509392023181,0.0611494852719199,93.9206281397823,233,1,13,1,92,High,48.56,Medium,124.515487748497,27.3363384188627,45.3273231622746
W0138,Village,Retail,31,4,8.84,5,98.1548776558014,0.0494754240435704,82.6752139015401,208,9,0,0,65,High,47.37,Medium,124.515487748497,27.3363384188627,45.3273231622746
W0139,Village,Finance,54,18,7.54,3,82.2891749522776,0.21133015136817,69.6849746900748,150,14,13,0,82,Medium,39.37,Medium,124.515487748497,27.3363384188627,45.3273231622746
W0140,City,Healthcare,26,9,6.17,2,61.9755350766571,0.341319694027059,35.1995908225414,83,11,5,1,78,Low,26.45,Low,125.641259698768,42.4201734367869,15.1596531264263
W0141,Village,Education,56,29,5.4,2,73.6642822053429,0.381033336434063,39.5519639439923,109,16,2,1,88,Low,31.44,Medium,124.515487748497,27.3363384188627,45.3273231622746
W0142,Village,Education,55,13,5.67,4,71.1558744748097,0.269135222704643,56.195732694274,101,3,7,1,59,Low,32.54,Medium,124.515487748497,27.3363384188627,45.3273231622746
W0143,Town,Healthcare,54,17,6.7,1,61.043146465461,0.326558908202306,58.1137418946005,109,6,5,1,58,Low,29.92,Medium,124.515487748497,27.3363384188627,45.3273231622746
W0144,Town,Finance,42,32,7.3,2,97.845365186849,0.00932978554767435,90.4174807326977,239,8,10,1,80,High,51.04,Low,125.641259698768,42.4201734367869,15.1596531264263
W0145,City,Education,38,22,9.12,5,71.7801566393874,0.342654187928289,48.6882719192647,61,18,1,0,77,Low,31.47,Medium,124.515487748497,27.3363384188627,45.3273231622746
W0146,Village,Retail,43,4,8.46,1,77.9087888121562,0.103042047234187,69.1089001739149,141,6,7,0,52,Medium,37.42,Medium,124.515487748497,27.3363384188627,45.3273231622746
W0147,Village,Education,58,5,6.49,1,78.00796448995,0.106049524157727,63.8215943092172,157,1,4,0,63,Medium,35.37,Medium,124.515487748497,27.3363384188627,45.3273231622746
W0148,Village,IT,36,13,7.99,3,88.9041574502623,0.213745392581578,75.0790158708561,142,5,7,1,74,Medium,42.61,Low,125.641259698768,42.4201734367869,15.1596531264263
W0149,City,IT,56,34,9.48,2,94.7675387550833,0.0270674605965289,80.5834133714815,197,17,7,0,64,High,47.76,Medium,124.515487748497,27.3363384188627,45.3273231622746
W0150,City,Finance,49,22,9.75,3,73.2409850473734,0.389478775075084,41.0610449697173,84,5,5,1,51,Low,29.32,Medium,124.515487748497,27.3363384188627,45.3273231622746
W0151,Town,Healthcare,28,23,7.12,2,70.4544063091742,0.378664832255866,44.3545010466614,98,12,1,1,73,Low,30.66,Low,125.641259698768,42.4201734367869,15.1596531264263
W0152,City,Finance,53,3,8.65,4,62.5851174425118,0.30116414748811,45.7626497506772,96,18,7,0,63,Low,28.56,Medium,124.515487748497,27.3363384188627,45.3273231622746
W0153,Village,Finance,32,34,9.17,3,75.9100110452844,0.223796260363447,62.3928721799025,163,1,14,0,97,Medium,33.28,Low,125.641259698768,42.4201734367869,15.1596531264263
W0154,Village,Finance,31,32,5.69,3,82.8207127161267,0.235542680469807,62.1089014645144,125,11,14,1,56,Medium,39.16,Medium,124.515487748497,27.3363384188627,45.3273231622746
W0155,City,Finance,30,21,6.89,5,81.0013075414528,0.119006910285136,70.7596267307577,123,14,10,0,85,Medium,40.11,Low,125.641259698768,42.4201734367869,15.1596531264263
W0156,Village,Retail,35,21,10.16,3,88.1735210297991,0.172955815123772,68.7897661667409,176,13,5,1,99,Medium,43.15,Low,125.641259698768,42.4201734367869,15.1596531264263
W0157,Village,Retail,34,11,7.14,2,95.7578521088941,0.0163624000210234,82.4983962148127,195,5,5,0,73,High,46.14,Low,125.641259698768,42.4201734367869,15.1596531264263
W0158,City,Education,46,4,3.99,5,94.6775823095758,0.0968072502909678,95.0597238607837,226,17,7,0,76,High,49.94,Low,125.641259698768,42.4201734367869,15.1596531264263
W0159,City,IT,23,1,7.35,3,70.2370955382255,0.380797764436744,32.8436776083113,112,4,0,0,86,Low,24.68,Low,125.641259698768,42.4201734367869,15.1596531264263
W0160,Village,Finance,56,28,8.85,3,71.6204575707931,0.257391048037416,54.7207276836143,76,17,1,0,87,Low,33.29,Low,125.641259698768,42.4201734367869,15.1596531264263
W0161,Village,Education,28,24,7.51,4,77.7623955880648,0.147588282467455,65.3566614832797,172,2,11,0,79,Medium,35.4,Low,125.641259698768,42.4201734367869,15.1596531264263
W0162,Village,IT,42,13,8.36,3,94.7047331967716,0.052780736355883,99.9941527564366,203,2,11,1,76,High,50.37,Medium,124.515487748497,27.3363384188627,45.3273231622746
W0163,Town,Healthcare,39,34,8.63,1,76.8564558704554,0.135009440418719,68.614041506479,140,9,8,0,88,Medium,37.29,Medium,124.515487748497,27.3363384188627,45.3273231622746
W0164,Town,Retail,24,11,7.07,5,84.8547879657935,0.197620403521507,78.3893846721011,136,18,10,0,64,Medium,42.81,Medium,124.515487748497,27.3363384188627,45.3273231622746
W0165,Town,IT,32,17,6.88,1,68.6568482986364,0.266964960913573,34.5336117133923,111,2,11,0,75,Low,25.28,Low,125.641259698768,42.4201734367869,15.1596531264263
W0166,City,Healthcare,45,18,7.68,5,69.6494162794683,0.341156471234051,45.6059749636157,109,11,7,1,50,Low,30.85,Medium,124.515487748497,27.3363384188627,45.3273231622746
W0167,Town,IT,40,22,7.71,4,80.4338631340315,0.125614042517558,64.3099049441844,154,15,11,1,53,Medium,40.8,Low,125.641259698768,42.4201734367869,15.1596531264263
W0168,City,Retail,25,24,7.56,3,62.2484440500151,0.30110281353622,39.3953989665929,83,16,6,1,78,Low,28.78,Low,125.641259698768,42.4201734367869,15.1596531264263
W0169,City,Retail,47,19,7.61,3,84.2806875328239,0.227880811128395,64.9008506289511,147,6,6,1,50,Medium,39.25,Medium,124.515487748497,27.3363384188627,45.3273231622746
W0170,Town,Education,59,21,6.6,3,96.7082668077594,0.0703093903759433,85.8296827368507,223,12,4,1,92,High,49.97,Low,125.641259698768,42.4201734367869,15.1596531264263
W0171,Town,Finance,53,8,8.4,5,61.2627398028034,0.340902250371916,32.5993214258339,78,1,1,0,99,Low,21.72,Medium,124.515487748497,27.3363384188627,45.3273231622746
W0172,Town,IT,57,28,8.22,3,85.447560832048,0.126340020956278,61.2261817930489,155,3,10,0,95,Medium,37.28,Medium,124.515487748497,27.3363384188627,45.3273231622746
W0173,Village,IT,58,5,5.9,1,83.2562065050705,0.167486917162826,76.3090942154602,124,9,5,0,71,Medium,40.42,Medium,124.515487748497,27.3363384188627,45.3273231622746
W0174,Town,Healthcare,54,17,7.03,3,94.9903617290408,0.0931535049155262,91.6666581997704,205,6,9,1,60,High,49.18,Medium,124.515487748497,27.3363384188627,45.3273231622746
W0175,Village,Retail,57,19,7.61,4,79.9891329285708,0.224874805147895,76.1647913163206,156,16,2,1,59,Medium,42.25,Low,125.641259698768,42.4201734367869,15.1596531264263
W0176,City,IT,24,27,6.86,1,63.3810871759849,0.326458475740535,41.0188386155328,60,19,3,0,66,Low,27.78,Low,125.641259698768,42.4201734367869,15.1596531264263
W0177,Village,Retail,30,34,8.26,3,64.817056907185,0.399569784123755,52.3999189891913,86,5,12,1,85,Low,28.97,Low,125.641259698768,42.4201734367869,15.1596531264263
W0178,Town,IT,29,11,7.42,3,91.3351555135282,0.00479577324369877,95.5081902918499,222,18,9,1,96,High,52.15,Medium,124.515487748497,27.3363384188627,45.3273231622746
W0179,City,Education,54,12,7.7,2,85.6498672846145,0.122479419832983,70.8647466524711,133,4,11,1,75,Medium,41.5,Medium,124.515487748497,27.3363384188627,45.3273231622746
W0180,City,Finance,27,21,7.02,5,68.8255682378476,0.386180901540286,42.153544856458,117,9,10,0,97,Low,27.07,Medium,124.515487748497,27.3363384188627,45.3273231622746
W0181,City,IT,25,11,5.11,1,79.3297535609958,0.117531814088641,78.7313103678078,151,8,1,0,70,Medium,40.03,Medium,124.515487748497,27.3363384188627,45.3273231622746
W0182,Village,Retail,34,28,5.04,2,98.7150721349064,0.00303795799544625,94.2550750952517,232,12,13,1,62,High,52.93,Low,125.641259698768,42.4201734367869,15.1596531264263
W0183,Town,Education,23,5,8.21,4,90.6404352386479,0.0862434130141157,99.2299935847429,193,18,1,1,58,High,51.86,Low,125.641259698768,42.4201734367869,15.1596531264263
W0184,City,IT,26,17,7.82,5,91.9183611460101,0.0333814911709237,94.5541274012193,199,5,11,1,60,High,49.24,Low,125.641259698768,42.4201734367869,15.1596531264263
W0185,City,Healthcare,48,20,8.03,1,94.1392605805259,0.0270058466101556,84.1367422123322,220,3,7,1,60,High,47.49,Low,125.641259698768,42.4201734367869,15.1596531264263
W0186,City,Finance,53,12,7.66,3,82.600969447397,0.139009412206329,71.1661124236366,152,2,7,0,55,Medium,38.09,Medium,124.515487748497,27.3363384188627,45.3273231622746
W0187,Village,IT,42,6,7.76,1,67.9110119625137,0.378800808239424,33.4068010674183,75,2,9,1,50,Low,25.7,Medium,124.515487748497,27.3363384188627,45.3273231622746
W0188,Village,Education,29,17,8.66,3,63.8985140728148,0.384470928588894,48.450346031411,110,3,5,0,55,Low,25.66,Low,125.641259698768,42.4201734367869,15.1596531264263
W0189,Town,Healthcare,59,19,8.03,5,66.1816620443176,0.391747717833376,34.1067291679191,116,4,12,0,62,Low,23.61,Low,125.641259698768,42.4201734367869,15.1596531264263
W0190,Village,Education,29,26,8.75,3,77.7695420037785,0.226505998101251,63.8717446496302,148,7,4,0,71,Medium,35.3,Medium,124.515487748497,27.3363384188627,45.3273231622746
W0191,City,Education,24,32,7.71,4,99.621859094918,0.0901485851100749,85.4076647062131,234,15,7,1,80,High,51.16,Medium,124.515487748497,27.3363384188627,45.3273231622746
W0192,Town,Healthcare,24,6,7.14,3,96.3872618224922,0.0953320080434255,82.0217718834843,206,2,3,0,71,High,44.85,Low,125.641259698768,42.4201734367869,15.1596531264263
W0193,City,Education,43,11,7.73,4,83.5589981833774,0.244608119519723,61.8159145055894,163,11,10,0,86,Medium,37.25,Low,125.641259698768,42.4201734367869,15.1596531264263
W0194,City,Healthcare,27,33,6.5,5,78.9471163807846,0.166539955197728,63.2509470898546,159,7,3,1,96,Medium,38.14,Medium,124.515487748497,27.3363384188627,45.3273231622746
W0195,Village,IT,23,24,7.04,5,85.0976107110735,0.201565954929442,69.9288835849744,177,12,4,1,76,Medium,41.97,Medium,124.515487748497,27.3363384188627,45.3273231622746
W0196,Town,Healthcare,44,23,7.71,1,84.1511906696787,0.243433176046544,60.0573965557671,132,3,0,1,99,Medium,37.48,Low,125.641259698768,42.4201734367869,15.1596531264263
W0197,Village,Healthcare,23,15,7.7,4,61.5457329674742,0.312927056400628,39.178551598616,86,13,0,0,63,Low,25.81,Low,125.641259698768,42.4201734367869,15.1596531264263
W0198,Village,Finance,59,27,7.37,4,97.6576332104754,0.00914829579296471,90.2775166955647,193,13,1,1,96,High,51.94,Medium,124.515487748497,27.3363384188627,45.3273231622746
W0199,Town,Healthcare,38,11,5.83,2,99.3425329909636,0.00864246324472374,95.9847618840692,196,12,13,0,54,High,51.39,Low,125.641259698768,42.4201734367869,15.1596531264263
W0200,City,Healthcare,56,17,8.26,2,81.5611229179494,0.240786735937905,63.5308090557415,171,5,7,0,85,Medium,35.84,Medium,124.515487748497,27.3363384188627,45.3273231622746
W0201,City,IT,55,14,8.5,2,64.6632198387387,0.313981854791511,34.0396039928059,60,16,6,1,81,Low,28.29,Medium,124.515487748497,27.3363384188627,45.3273231622746
W0202,Town,Finance,44,27,9.47,3,93.161048879409,0.0424492832676535,86.1864844871645,233,3,14,0,83,High,45.46,Medium,124.515487748497,27.3363384188627,45.3273231622746
W0203,City,Retail,51,18,8.03,2,99.269884748178,0.0665120178113616,93.8170700867963,185,7,14,0,56,High,49.36,Medium,124.515487748497,27.3363384188627,45.3273231622746
W0204,Town,IT,29,28,7.5,4,75.0057440521485,0.189427400410357,77.402917075127,136,16,9,0,91,Medium,39.34,Low,125.641259698768,42.4201734367869,15.1596531264263
W0205,Town,IT,43,4,6.28,3,62.5973636536081,0.347751969231764,50.6654408116534,101,2,8,0,97,Low,25.88,Medium,124.515487748497,27.3363384188627,45.3273231622746
W0206,Village,Retail,57,7,9.29,5,90.4839588194577,0.0148517424257117,88.2793539696811,200,16,4,1,59,High,49.94,Medium,124.515487748497,27.3363384188627,45.3273231622746
W0207,Town,Healthcare,26,9,7.8,1,72.926193115779,0.318597491483923,54.5396221184768,110,8,1,0,99,Low,31.25,Medium,124.515487748497,27.3363384188627,45.3273231622746
W0208,Village,Education,34,8,7.73,2,94.8913403171591,0.0793843292867861,93.2272078732261,186,1,6,1,66,High,48.6,Low,125.641259698768,42.4201734367869,15.1596531264263
W0209,City,Finance,50,17,7.2,5,67.5238371403973,0.253375649114303,42.8792771500868,63,12,14,0,79,Low,28.73,Medium,124.515487748497,27.3363384188627,45.3273231622746
W0210,City,Education,52,17,7.12,4,93.9167559653555,0.0621914421283878,99.3727733060055,194,19,7,0,70,High,51.31,Medium,124.515487748497,27.3363384188627,45.3273231622746
W0211,City,Retail,37,33,8.33,1,60.2524481375532,0.333557137928835,52.8331166038815,116,1,11,1,62,Low,27.56,Medium,124.515487748497,27.3363384188627,45.3273231622746
W0212,City,IT,51,32,6.27,5,77.1304444263469,0.12649645448057,65.4218663339593,172,19,6,0,50,Medium,38.83,Low,125.641259698768,42.4201734367869,15.1596531264263
W0213,Village,IT,37,8,9.45,1,66.5906734934264,0.381717279547855,46.9897115505619,64,10,13,0,50,Low,27.58,Low,125.641259698768,42.4201734367869,15.1596531264263
W0214,City,Finance,33,19,9.19,2,91.2757646891669,0.0859332819723752,91.8966542777501,215,14,6,0,96,High,47.79,Medium,124.515487748497,27.3363384188627,45.3273231622746
W0215,Town,IT,38,3,7.08,4,82.1908673750011,0.220456828701382,67.0993556310867,131,10,11,0,82,Medium,37.93,Medium,124.515487748497,27.3363384188627,45.3273231622746
W0216,Town,IT,37,5,6.46,1,61.6172506014978,0.395404186749366,57.8291584599022,102,2,14,0,87,Low,26.54,Medium,124.515487748497,27.3363384188627,45.3273231622746
W0217,Town,Finance,33,13,5.08,5,84.0749284842798,0.16197917182042,67.7067684148534,163,2,13,0,74,Medium,37.61,Medium,124.515487748497,27.3363384188627,45.3273231622746
W0218,Village,Finance,29,31,6,2,82.8821812044033,0.153493269823908,65.4758511831507,142,11,4,1,75,Medium,40.68,Low,125.641259698768,42.4201734367869,15.1596531264263
W0219,City,Retail,41,16,8.38,2,71.5949786104123,0.275579558409066,56.025152452267,112,4,1,1,62,Low,32.77,Medium,124.515487748497,27.3363384188627,45.3273231622746
W0220,City,IT,24,32,7.88,5,84.5738024290351,0.218806688657344,65.56208942308,172,19,5,1,77,Medium,42.17,Low,125.641259698768,42.4201734367869,15.1596531264263
W0221,City,IT,37,22,8.09,5,99.1903827702867,0.0899909543354672,88.9632174673801,220,6,3,0,82,High,47.94,Medium,124.515487748497,27.3363384188627,45.3273231622746
W0222,Village,Retail,51,29,5.29,1,88.3369898312121,0.166598232151305,63.3194632489269,121,6,9,0,86,Medium,38.75,Low,125.641259698768,42.4201734367869,15.1596531264263
W0223,Town,Healthcare,44,22,7.03,3,92.8070974246459,0.0999316268189713,85.360230010392,232,12,1,0,90,High,46.41,Low,125.641259698768,42.4201734367869,15.1596531264263
W0224,Town,Healthcare,49,3,9.14,2,91.7282005145645,0.0344505893394063,81.2308606826968,205,8,11,1,79,High,47.11,Low,125.641259698768,42.4201734367869,15.1596531264263
W0225,City,Healthcare,26,10,7.38,1,62.2209206130944,0.296902399754169,33.0715549992344,90,12,8,0,98,Low,24.75,Medium,124.515487748497,27.3363384188627,45.3273231622746
W0226,Town,Retail,41,21,5.97,5,94.6354783925892,0.0470324047937207,97.4715061151947,220,11,6,1,97,High,51.71,Medium,124.515487748497,27.3363384188627,45.3273231622746
W0227,Town,IT,22,16,7.37,1,86.1655947058132,0.180687928949386,65.8839572079461,147,12,5,0,57,Medium,39.68,Low,125.641259698768,42.4201734367869,15.1596531264263
W0228,Village,Retail,51,12,6.57,5,90.0953895402555,0.0402890031050049,98.1448633455416,238,9,11,0,98,High,48.15,Low,125.641259698768,42.4201734367869,15.1596531264263
W0229,Village,Retail,42,2,7.9,4,60.1213672578318,0.389127552356174,31.92241543595,76,0,4,0,96,Low,20.56,Medium,124.515487748497,27.3363384188627,45.3273231622746
W0230,Village,Healthcare,41,24,7.52,5,82.2872874709812,0.198307479919518,67.9488977301471,150,7,2,1,50,Medium,39.76,Low,125.641259698768,42.4201734367869,15.1596531264263
W0231,Village,Education,27,30,8.15,5,97.5280899451101,0.0823268653114772,97.5879398661177,204,15,11,0,61,High,51.04,Low,125.641259698768,42.4201734367869,15.1596531264263
W0232,City,IT,43,30,6.04,5,65.7122812779911,0.353119720607459,37.24615649248,116,12,14,1,54,Low,28.08,Medium,124.515487748497,27.3363384188627,45.3273231622746
W0233,Village,Healthcare,39,19,6.96,3,77.1674205682043,0.155446467643378,66.2568009444274,172,2,14,0,73,Medium,35.32,Medium,124.515487748497,27.3363384188627,45.3273231622746
W0234,Town,Education,29,8,8.81,5,88.9042923450687,0.115913807492193,64.4280105717123,127,2,9,0,55,Medium,38.85,Low,125.641259698768,42.4201734367869,15.1596531264263
W0235,City,Education,53,26,5.87,2,73.7358367399617,0.36385420720768,44.8329503568631,105,4,9,1,74,Low,30.29,Medium,124.515487748497,27.3363384188627,45.3273231622746
W0236,Town,Finance,54,7,6.3,2,91.6110002325642,0.0996012783382248,83.5999923322137,236,10,3,0,50,High,45.31,Medium,124.515487748497,27.3363384188627,45.3273231622746
W0237,Town,IT,37,30,7.74,1,73.8049447229344,0.345464311562927,54.1892359147234,91,6,2,0,74,Low,30.76,Medium,124.515487748497,27.3363384188627,45.3273231622746
W0238,Town,Education,33,7,7.84,3,78.8783562841747,0.22935023746596,65.3857618360175,138,9,11,0,50,Medium,36.3,Medium,124.515487748497,27.3363384188627,45.3273231622746
W0239,Village,Healthcare,59,3,6.91,1,81.5413788217237,0.136012705290497,76.9973595936685,157,9,10,0,81,Medium,40.37,Medium,124.515487748497,27.3363384188627,45.3273231622746
W0240,Village,Finance,55,1,7.17,2,94.092495737854,0.028919315196587,96.1795549922742,182,19,7,1,91,High,53.05,Low,125.641259698768,42.4201734367869,15.1596531264263
W0241,City,IT,35,25,8.14,2,73.258563894021,0.325731222264296,55.7260888630415,85,1,2,1,91,Low,32.1,Low,125.641259698768,42.4201734367869,15.1596531264263
W0242,City,Retail,57,1,8.52,4,71.5802140779867,0.31375036211848,37.9879537139248,72,2,6,0,52,Low,26.36,Medium,124.515487748497,27.3363384188627,45.3273231622746
W0243,Village,Healthcare,54,15,6.22,5,82.7488637827835,0.174459838251563,65.8140184980802,167,7,6,0,98,Medium,37.71,Low,125.641259698768,42.4201734367869,15.1596531264263
W0244,Town,Education,44,13,7.94,2,76.2759227472559,0.207790561103529,64.0609970716563,130,10,6,1,68,Medium,37.67,Medium,124.515487748497,27.3363384188627,45.3273231622746
W0245,City,Education,23,8,9.31,1,97.6796675780981,0.0960728088228243,89.9909832453517,213,12,12,0,92,High,48.83,Low,125.641259698768,42.4201734367869,15.1596531264263
W0246,Village,Healthcare,42,5,7.36,1,93.7146333933447,0.044891172259279,90.7433864320806,234,6,6,1,78,High,49.11,Low,125.641259698768,42.4201734367869,15.1596531264263
W0247,Village,Education,23,9,6.2,5,93.9480076846295,0.0953324264887138,89.7026381542867,198,12,13,0,99,High,47.65,Low,125.641259698768,42.4201734367869,15.1596531264263
W0248,Village,Finance,48,1,6.15,5,80.7693105348556,0.105341822540926,69.4615497491605,127,1,1,1,51,Medium,39.32,Medium,124.515487748497,27.3363384188627,45.3273231622746
W0249,Town,IT,30,2,7.31,4,99.6102093576521,0.00130765341746149,83.4340167310062,202,5,9,1,58,High,49.64,Medium,124.515487748497,27.3363384188627,45.3273231622746
W0250,Village,Finance,22,23,8.74,3,92.5222313423062,0.0810730465230413,98.9434123368679,189,8,2,1,66,High,50.41,Medium,124.515487748497,27.3363384188627,45.3273231622746
W0251,Village,Education,32,9,7.45,1,95.1243976874389,0.0545902559266808,80.6852224558701,234,19,9,1,95,High,50.03,Low,125.641259698768,42.4201734367869,15.1596531264263
W0252,Village,Retail,24,34,7.73,5,79.5570467337659,0.121553143777632,73.4887283952507,147,1,8,0,85,Medium,37.61,Medium,124.515487748497,27.3363384188627,45.3273231622746
W0253,Village,IT,44,14,6.3,1,93.9884141194697,0.0904401436516952,99.9779857409234,222,17,2,0,66,High,50.78,Medium,124.515487748497,27.3363384188627,45.3273231622746
W0254,City,IT,47,4,8.68,5,77.4667216862995,0.190932496333115,66.4015163484582,147,15,1,1,98,Medium,39.67,Low,125.641259698768,42.4201734367869,15.1596531264263
W0255,City,Healthcare,25,30,6.13,2,94.165922277842,0.0648527026824203,86.1886494193897,218,11,8,1,61,High,49.13,Low,125.641259698768,42.4201734367869,15.1596531264263
W0256,Village,Healthcare,39,31,6.89,1,77.6328199307071,0.164202902865947,72.507391885097,131,6,12,1,69,Medium,39.4,Low,125.641259698768,42.4201734367869,15.1596531264263
W0257,Town,Retail,27,11,8.26,2,90.1189783224516,0.0293155942253302,80.1184813090801,205,6,9,1,99,High,46.05,Low,125.641259698768,42.4201734367869,15.1596531264263
W0258,City,IT,56,8,5.05,1,88.4801869160253,0.188420620463987,68.9522786281847,154,16,8,0,52,Medium,41.71,Low,125.641259698768,42.4201734367869,15.1596531264263
W0259,Village,Retail,43,3,7.71,3,66.4329408481017,0.302477535413628,48.1976784718512,97,12,3,1,92,Low,30.99,Medium,124.515487748497,27.3363384188627,45.3273231622746
W0260,City,Healthcare,36,14,6.25,4,92.3725436365714,0.0262633612366074,90.0884207943043,206,10,13,1,99,High,49.55,Low,125.641259698768,42.4201734367869,15.1596531264263
W0261,City,Healthcare,43,13,7.52,2,72.0896514434,0.351108767913054,36.2245009242284,96,5,11,1,53,Low,28.4,Medium,124.515487748497,27.3363384188627,45.3273231622746
W0262,Town,IT,58,32,7.08,5,71.2835818013934,0.293424679767958,49.2596464392172,112,13,8,1,66,Low,32.95,Medium,124.515487748497,27.3363384188627,45.3273231622746
W0263,Village,Finance,33,34,10.03,3,70.3981009606098,0.376984175494193,31.8521248268897,103,5,2,1,99,Low,26.76,Medium,124.515487748497,27.3363384188627,45.3273231622746
W0264,Village,Education,59,19,7.03,1,84.6810776413903,0.232502455153316,69.4186231914872,136,5,6,1,86,Medium,40.02,Low,125.641259698768,42.4201734367869,15.1596531264263
W0265,Town,Healthcare,39,16,9.71,2,84.5581821691344,0.205113800115957,73.806738915906,149,1,6,1,95,Medium,40.34,Medium,124.515487748497,27.3363384188627,45.3273231622746
W0266,Town,Healthcare,56,2,8.2,1,72.1201813194951,0.358663351040397,41.7105191521775,111,19,14,0,91,Low,30.24,Low,125.641259698768,42.4201734367869,15.1596531264263
W0267,Village,Finance,51,17,6.54,1,92.1374026206112,0.0657318825156273,88.4935802483692,206,14,10,1,64,High,49.57,Medium,124.515487748497,27.3363384188627,45.3273231622746
W0268,Village,Finance,45,34,7.9,1,85.4066607899192,0.137810483027526,68.6291819331875,127,16,7,1,82,Medium,43.22,Low,125.641259698768,42.4201734367869,15.1596531264263
W0269,Town,Retail,51,16,7.13,4,63.9435109626434,0.322100516845762,42.9918681853972,102,7,9,1,65,Low,28,Low,125.641259698768,42.4201734367869,15.1596531264263
W0270,City,Retail,35,2,7.79,4,76.2575605360092,0.18861305820296,71.3879074830271,142,4,14,0,60,Medium,36.13,Low,125.641259698768,42.4201734367869,15.1596531264263
W0271,City,Education,27,2,6.64,5,92.8215558403614,0.0233251691266392,94.6814706201176,191,16,3,0,69,High,49.83,Low,125.641259698768,42.4201734367869,15.1596531264263
W0272,Town,Education,24,26,9.53,2,95.0473947538035,0.0149549318556945,82.0767877222186,182,19,2,0,87,High,48.66,Low,125.641259698768,42.4201734367869,15.1596531264263
W0273,City,IT,37,13,8.61,3,99.3156498000792,0.0707880695236535,94.9584730262283,233,0,2,1,73,High,50.18,Low,125.641259698768,42.4201734367869,15.1596531264263
W0274,Town,Retail,28,31,7.54,3,85.882138061747,0.224814210412467,66.8640613797138,122,17,14,1,65,Medium,42.34,Medium,124.515487748497,27.3363384188627,45.3273231622746
W0275,City,Healthcare,35,34,9.57,3,92.3049483735152,0.0327566293922126,84.1978568461,227,14,11,1,79,High,49.1,Low,125.641259698768,42.4201734367869,15.1596531264263
W0276,City,Retail,30,3,7.59,1,97.3665187522479,0.0113564540977538,96.1202342097697,210,4,4,0,83,High,49.21,Medium,124.515487748497,27.3363384188627,45.3273231622746
W0277,Village,Healthcare,36,8,8.82,4,87.5809449962155,0.124658902649262,75.2780756751615,120,6,10,1,50,Medium,43.33,Low,125.641259698768,42.4201734367869,15.1596531264263
W0278,Village,Finance,42,23,7.55,2,90.2629772668467,0.0261028665293449,90.7613510146965,226,17,14,0,73,High,48.46,Low,125.641259698768,42.4201734367869,15.1596531264263
W0279,City,Retail,56,14,7.97,1,92.5472050045755,0.0263246174830544,91.1247278805155,191,5,13,0,73,High,46.81,Low,125.641259698768,42.4201734367869,15.1596531264263
W0280,City,Finance,23,27,7.4,4,82.4935382848103,0.205719339988794,66.4441261179757,124,4,0,0,58,Medium,36.83,Low,125.641259698768,42.4201734367869,15.1596531264263
W0281,Village,Education,48,29,7.61,4,92.3063864021426,0.0772873936381853,86.7793985234564,221,18,9,0,71,High,47.97,Medium,124.515487748497,27.3363384188627,45.3273231622746
W0282,Village,Education,23,1,7.7,2,71.3677408696,0.297928217771121,34.7430961140007,88,9,2,0,61,Low,27.22,Medium,124.515487748497,27.3363384188627,45.3273231622746
W0283,Village,IT,56,17,6.7,2,95.6644368508663,0.0471756309390874,89.9163894529708,214,14,13,1,66,High,51.1,Low,125.641259698768,42.4201734367869,15.1596531264263
W0284,Town,Retail,39,30,7.02,2,77.5889642628195,0.117038097606801,66.4889954330059,135,9,5,1,74,Medium,39.26,Low,125.641259698768,42.4201734367869,15.1596531264263
W0285,City,Finance,35,13,7.24,1,90.5778819701987,0.0140653339233667,94.3326387340406,231,15,2,0,77,High,49,Low,125.641259698768,42.4201734367869,15.1596531264263
W0286,Village,Healthcare,41,21,7.78,5,64.5288286630041,0.253472015787251,44.5096760146047,77,11,4,1,64,Low,29.96,Medium,124.515487748497,27.3363384188627,45.3273231622746
W0287,City,Education,39,19,7.46,2,91.2654531119638,0.047662045631054,95.2723059792331,219,17,8,1,79,High,51.45,Medium,124.515487748497,27.3363384188627,45.3273231622746
W0288,Town,Education,31,19,8.91,5,79.745915582262,0.122036336353439,70.4910557124492,127,0,1,0,76,Medium,36.85,Medium,124.515487748497,27.3363384188627,45.3273231622746
W0289,Town,Healthcare,46,25,8.52,1,71.7789947982728,0.312227140984082,52.2679667706498,99,15,10,0,71,Low,31.91,Low,125.641259698768,42.4201734367869,15.1596531264263
W0290,Village,Finance,23,22,7.26,5,62.1748062351403,0.349992007989143,47.5549652103827,66,5,1,1,59,Low,27.69,Medium,124.515487748497,27.3363384188627,45.3273231622746
W0291,Town,Finance,46,31,9.16,3,86.8404282965607,0.15193990761819,72.4378026767938,163,2,11,1,80,Medium,41.49,Low,125.641259698768,42.4201734367869,15.1596531264263
W0292,City,Retail,54,17,9.75,5,90.864457531734,0.0759428704956487,86.2808800603529,227,1,5,1,76,High,46.05,Low,125.641259698768,42.4201734367869,15.1596531264263
W0293,Village,Retail,57,23,5.05,2,79.7917182990565,0.112581060782802,78.8632755855343,167,1,5,1,61,Medium,40.85,Low,125.641259698768,42.4201734367869,15.1596531264263
W0294,City,IT,52,32,8.62,1,88.5522934571868,0.205442132292536,62.5977232510959,135,12,10,0,95,Medium,39.49,Low,125.641259698768,42.4201734367869,15.1596531264263
W0295,City,Education,35,10,6.67,2,84.1041576370291,0.149350859449335,67.437631145095,152,8,10,1,80,Medium,40.89,Low,125.641259698768,42.4201734367869,15.1596531264263
W0296,Town,Retail,22,10,8.46,3,68.167908212562,0.25923350164,49.0070552072828,97,15,7,0,81,Low,30.7,Medium,124.515487748497,27.3363384188627,45.3273231622746
W0297,Town,Finance,37,8,8.99,2,95.1153619423479,0.0943565217156977,80.8376078767755,234,4,11,0,81,High,44.66,Medium,124.515487748497,27.3363384188627,45.3273231622746
W0298,Town,Healthcare,24,20,6.45,2,92.9244180458952,0.0798272996546306,95.6667338384924,220,6,12,1,90,High,49.5,Medium,124.515487748497,27.3363384188627,45.3273231622746
W0299,Town,Finance,56,32,5.28,2,83.028994189093,0.228044489279194,64.5966268342655,144,12,10,1,94,Medium,40.01,Low,125.641259698768,42.4201734367869,15.1596531264263
W0300,Town,Education,27,14,8.5,4,76.1573385318116,0.118925438522311,63.5228245387163,161,19,13,1,84,Medium,40.23,Low,125.641259698768,42.4201734367869,15.1596531264263
W0301,Village,Finance,46,28,7.66,3,96.5719766164006,0.0439029243980448,80.8976203294544,216,12,1,0,95,High,47.2,Medium,124.515487748497,27.3363384188627,45.3273231622746
W0302,City,IT,34,24,5.5,2,82.3581112368714,0.174496781858426,62.7391885005429,143,6,8,0,70,Medium,36.77,Medium,124.515487748497,27.3363384188627,45.3273231622746
W0303,City,Education,55,15,10.54,2,81.7457215500676,0.118651797616362,64.0711643768949,138,9,14,0,59,Medium,38.01,Low,125.641259698768,42.4201734367869,15.1596531264263
W0304,City,Healthcare,29,22,8.25,2,96.0795770268361,0.010476253645144,89.0845564761374,238,14,1,0,65,High,49.44,Medium,124.515487748497,27.3363384188627,45.3273231622746
W0305,City,IT,42,30,8.3,1,86.4394298620366,0.229151323196202,71.6968635369794,165,5,12,1,56,Medium,41.05,Low,125.641259698768,42.4201734367869,15.1596531264263
W0306,Town,Education,55,4,9.14,4,70.1305321286113,0.374902483543008,35.8240337550727,87,4,0,0,53,Low,25.29,Low,125.641259698768,42.4201734367869,15.1596531264263
W0307,City,Healthcare,25,13,6.8,1,84.0871284282644,0.152535492149062,77.4248715982641,132,1,9,0,76,Medium,39.44,Medium,124.515487748497,27.3363384188627,45.3273231622746
W0308,Village,IT,46,23,7.66,4,63.1396173641172,0.264765206356748,56.5873907641685,117,14,1,1,74,Low,32.46,Low,125.641259698768,42.4201734367869,15.1596531264263
W0309,Village,IT,36,8,5.92,2,76.5750578653333,0.114232634522136,66.3271450279926,150,15,11,0,80,Medium,38.16,Low,125.641259698768,42.4201734367869,15.1596531264263
W0310,City,Education,25,18,6.77,3,91.6956351857111,0.0817412455269111,98.6645012263826,204,18,6,0,60,High,50.11,Low,125.641259698768,42.4201734367869,15.1596531264263
W0311,City,Retail,33,12,7.96,5,75.4784582465752,0.147947809338295,75.3982253578903,177,8,7,1,97,Medium,39.92,Medium,124.515487748497,27.3363384188627,45.3273231622746
W0312,Village,IT,53,31,5.5,5,75.1018193077161,0.109136834030729,68.1479412906504,123,18,4,0,69,Medium,38.72,Low,125.641259698768,42.4201734367869,15.1596531264263
W0313,Village,IT,53,14,6.74,2,76.3952949090749,0.140870077604964,75.803920703518,150,6,5,0,85,Medium,37.93,Medium,124.515487748497,27.3363384188627,45.3273231622746
W0314,Town,Healthcare,49,34,6.39,1,71.8830775388618,0.29472923168134,47.358366154591,100,3,11,0,66,Low,28.73,Low,125.641259698768,42.4201734367869,15.1596531264263
W0315,Village,Finance,34,18,7.67,3,90.5188207759399,0.0942233719491166,90.5445195650097,191,2,0,0,94,High,44.8,Medium,124.515487748497,27.3363384188627,45.3273231622746
W0316,Town,Education,52,34,8.19,4,65.1111714259816,0.386887632688724,52.6351322799536,79,19,14,1,60,Low,32.02,Medium,124.515487748497,27.3363384188627,45.3273231622746
W0317,Town,Education,35,11,8.39,2,80.0898141748762,0.179722889095676,76.565458671168,148,10,5,0,79,Medium,39.6,Medium,124.515487748497,27.3363384188627,45.3273231622746
W0318,Town,Retail,41,12,8.7,3,68.8020994183582,0.333059234709754,58.6060065360038,61,0,11,1,84,Low,31.06,Medium,124.515487748497,27.3363384188627,45.3273231622746
W0319,Town,Retail,39,15,9.15,3,91.9570775163879,0.00278497775827558,96.1002976023614,219,5,14,0,90,High,47.87,Low,125.641259698768,42.4201734367869,15.1596531264263
W0320,Town,Education,50,31,8.23,4,86.6296544727722,0.121615594454945,78.5188898053352,131,10,7,1,87,Medium,44.53,Low,125.641259698768,42.4201734367869,15.1596531264263
W0321,City,Retail,27,29,9.76,3,81.2129701099527,0.185627953831647,70.0143478317557,150,0,12,1,71,Medium,38.57,Low,125.641259698768,42.4201734367869,15.1596531264263
W0322,Village,Healthcare,53,26,7.64,1,71.7486928002015,0.347948909731258,44.5659710732662,102,6,2,1,92,Low,30.2,Medium,124.515487748497,27.3363384188627,45.3273231622746
W0323,Town,Education,50,18,7.29,1,68.3206442749723,0.339041581666962,34.7613639576344,82,5,10,0,97,Low,25.09,Low,125.641259698768,42.4201734367869,15.1596531264263
W0324,Village,Retail,23,32,8.23,1,93.5689988717476,0.0108289356482917,88.4175449948641,218,13,0,0,76,High,48.34,Low,125.641259698768,42.4201734367869,15.1596531264263
W0325,Village,Education,44,22,7.24,3,77.3985436223613,0.200140257037485,71.5794606492183,171,1,10,0,86,Medium,35.81,Medium,124.515487748497,27.3363384188627,45.3273231622746
W0326,Town,Finance,40,17,9.72,1,90.8800602751145,0.0893534583498437,87.785327936181,213,3,3,1,95,High,46.62,Low,125.641259698768,42.4201734367869,15.1596531264263
W0327,City,IT,52,23,8.86,4,70.5810774003942,0.394657512817606,33.321813688008,105,10,0,0,98,Low,25.94,Low,125.641259698768,42.4201734367869,15.1596531264263
W0328,Town,Education,26,24,8.4,3,88.0096536527705,0.145517982467441,76.4147803417392,141,14,13,0,84,Medium,43.09,Medium,124.515487748497,27.3363384188627,45.3273231622746
W0329,City,IT,40,8,7.66,5,71.5552916901656,0.398062354600896,46.149537114291,92,17,7,0,53,Low,30.15,Low,125.641259698768,42.4201734367869,15.1596531264263
W0330,Village,Retail,55,6,7.01,3,92.7454458474045,0.0824094490484374,80.1064838114213,186,0,4,0,65,High,43.1,Medium,124.515487748497,27.3363384188627,45.3273231622746
W0331,City,IT,31,5,8.34,4,97.7347401782277,0.0875120992382495,80.5320512719313,201,2,0,1,65,High,47.04,Medium,124.515487748497,27.3363384188627,45.3273231622746
W0332,City,Education,46,29,6.15,5,98.51484449314,0.0609195391393326,97.0634595729345,239,2,13,1,70,High,50.86,Medium,124.515487748497,27.3363384188627,45.3273231622746
W0333,City,Finance,23,28,9.34,3,62.6884711330609,0.345751262587164,48.9824195454844,112,6,7,0,75,Low,26.39,Low,125.641259698768,42.4201734367869,15.1596531264263
W0334,Village,Retail,32,11,7.29,1,82.7953700039704,0.199228648621926,71.2463736839623,174,0,8,0,85,Medium,37.17,Low,125.641259698768,42.4201734367869,15.1596531264263
W0335,Village,Education,52,1,7.87,2,62.6149313002732,0.313834504857753,45.9351976318428,63,10,9,0,68,Low,26.86,Low,125.641259698768,42.4201734367869,15.1596531264263
W0336,City,Retail,36,19,6.41,2,68.3506440856153,0.291246878796046,32.3097087420082,79,5,1,1,66,Low,27.09,Low,125.641259698768,42.4201734367869,15.1596531264263
W0337,City,Healthcare,30,9,8.37,1,77.3552318048516,0.20407680794084,72.2625748119372,132,19,8,0,94,Medium,39.47,Medium,124.515487748497,27.3363384188627,45.3273231622746
W0338,Town,IT,44,27,6.96,2,84.0127885134174,0.149922754163751,74.3425780492627,144,2,7,1,75,Medium,41.03,Low,125.641259698768,42.4201734367869,15.1596531264263
W0339,City,Healthcare,40,34,8.28,2,97.7364739505533,0.0455616373966841,92.2380816953465,191,18,6,1,71,High,52.99,Low,125.641259698768,42.4201734367869,15.1596531264263
W0340,Town,Education,30,4,8.41,1,96.9650718347689,0.0376041791109157,98.8521942031731,229,1,2,0,77,High,48.78,Low,125.641259698768,42.4201734367869,15.1596531264263
W0341,City,Finance,56,18,6.72,1,82.1761567758599,0.168798693923856,72.2040733685391,123,17,1,0,50,Medium,40.86,Low,125.641259698768,42.4201734367869,15.1596531264263
W0342,Town,Retail,42,15,6.15,3,94.7656794358002,0.0296065510038947,90.2985899078497,200,11,6,0,93,High,48.48,Medium,124.515487748497,27.3363384188627,45.3273231622746
W0343,Village,IT,30,13,9.34,3,97.9077306373203,0.0373927869706784,91.2562522190726,211,9,14,1,85,High,51.14,Medium,124.515487748497,27.3363384188627,45.3273231622746
W0344,City,Retail,49,19,7.27,1,99.135780114027,0.0525360481819498,94.4982054367217,236,4,4,1,92,High,51.01,Low,125.641259698768,42.4201734367869,15.1596531264263
W0345,City,Education,28,6,7.77,4,86.9300684692002,0.183877881996977,70.1105220520647,176,8,5,0,86,Medium,39.94,Medium,124.515487748497,27.3363384188627,45.3273231622746
W0346,City,Retail,37,12,8.08,2,83.0952170063732,0.174719451127597,71.0111910138496,157,1,3,1,51,Medium,39.65,Low,125.641259698768,42.4201734367869,15.1596531264263
W0347,City,IT,37,17,6,3,87.9850497181521,0.168742482457941,72.5294675155971,120,1,1,0,66,Medium,39.46,Low,125.641259698768,42.4201734367869,15.1596531264263
W0348,Town,Education,54,23,8.06,2,92.5345712967302,0.00742468593305458,82.0754941726948,212,5,8,0,89,High,45.19,Low,125.641259698768,42.4201734367869,15.1596531264263
W0349,City,Retail,25,26,7.62,5,68.3809205036181,0.293881064272235,49.8329072885526,78,9,2,1,87,Low,31.37,Medium,124.515487748497,27.3363384188627,45.3273231622746
W0350,Village,Finance,25,29,6.73,1,72.2016395299138,0.322748842686625,38.861717320507,101,17,11,1,70,Low,31.65,Low,125.641259698768,42.4201734367869,15.1596531264263
W0351,Village,Education,38,33,6.11,4,72.216036270167,0.326145508398452,53.431004988562,66,11,13,1,58,Low,33.32,Low,125.641259698768,42.4201734367869,15.1596531264263
W0352,City,Education,58,27,8.23,5,61.7510951754286,0.256224895657857,38.1637790023989,85,3,6,1,62,Low,26.23,Low,125.641259698768,42.4201734367869,15.1596531264263
W0353,Village,Finance,50,25,8.85,5,65.0945916909347,0.374991145754314,43.1738510064523,104,16,13,0,60,Low,27.66,Medium,124.515487748497,27.3363384188627,45.3273231622746
W0354,City,Healthcare,57,10,7.71,5,93.91771742012,0.0577122269914442,94.0483505630073,191,14,7,0,65,High,49.29,Low,125.641259698768,42.4201734367869,15.1596531264263
W0355,City,IT,59,23,5.78,1,92.1171677846197,0.0145286009745787,86.3258469745125,201,5,1,0,65,High,45.84,Low,125.641259698768,42.4201734367869,15.1596531264263
W0356,Village,Healthcare,58,21,6.23,3,94.2483073664331,0.0417053203702921,93.2759678408534,233,15,13,1,51,High,51.61,Medium,124.515487748497,27.3363384188627,45.3273231622746
W0357,City,Retail,56,21,6.98,1,65.5611854139273,0.335698002314965,57.640613762731,93,16,5,0,91,Low,31.08,Low,125.641259698768,42.4201734367869,15.1596531264263
W0358,Village,Finance,28,13,9.38,3,72.9858588834666,0.296158628404656,33.2362238182334,113,2,10,1,93,Low,28.03,Low,125.641259698768,42.4201734367869,15.1596531264263
W0359,Town,Healthcare,48,33,7.2,5,93.1500827518977,0.0575549507831103,99.0118793186225,197,9,7,1,57,High,51.05,Low,125.641259698768,42.4201734367869,15.1596531264263
W0360,City,Education,49,24,6.94,5,88.1828645407928,0.206669427700463,65.6171283038131,154,4,6,1,92,Medium,40.38,Medium,124.515487748497,27.3363384188627,45.3273231622746
W0361,Town,Retail,43,11,5.49,4,72.914984548235,0.377899922965258,52.4716195353355,87,13,10,0,91,Low,31.23,Medium,124.515487748497,27.3363384188627,45.3273231622746
W0362,Village,Retail,35,17,6.71,3,85.3179483641783,0.126703048643841,75.6689435453308,173,12,2,1,62,Medium,43.93,Low,125.641259698768,42.4201734367869,15.1596531264263
W0363,Town,Healthcare,28,4,6.02,5,82.0703926460828,0.104574482177913,62.5043970964517,153,5,0,1,66,Medium,39.14,Low,125.641259698768,42.4201734367869,15.1596531264263
W0364,Town,Healthcare,58,25,6.3,2,92.662334945178,0.0514526936582241,82.1377059097812,230,11,13,1,88,High,48.01,Low,125.641259698768,42.4201734367869,15.1596531264263
W0365,Village,Finance,43,30,7.64,4,80.1799844034397,0.211116980074101,74.8995564054095,142,7,5,1,73,Medium,40.38,Medium,124.515487748497,27.3363384188627,45.3273231622746
W0366,Town,IT,26,9,7.02,1,60.6316223004204,0.390016151075629,50.4591969087804,97,4,7,1,52,Low,27.22,Low,125.641259698768,42.4201734367869,15.1596531264263
W0367,Town,Healthcare,23,21,9.54,4,66.5778360897715,0.299618948714148,51.8932658045915,117,14,5,1,79,Low,32.2,Medium,124.515487748497,27.3363384188627,45.3273231622746
W0368,Village,Healthcare,48,20,8.79,2,85.2707056100313,0.193754018171549,76.226310339707,151,15,4,1,62,Medium,43.95,Low,125.641259698768,42.4201734367869,15.1596531264263
W0369,Town,Education,42,19,6.77,3,60.5792413545416,0.306833063549891,31.0067684133329,80,0,10,1,68,Low,23.34,Medium,124.515487748497,27.3363384188627,45.3273231622746
W0370,Village,Retail,59,19,6.4,1,66.8302724839728,0.355324649297247,44.8833792990068,84,15,11,1,56,Low,30.51,Low,125.641259698768,42.4201734367869,15.1596531264263
W0371,Town,IT,36,12,9.16,1,94.5108928746683,0.0910878904806444,96.2860196734318,201,4,7,1,58,High,49.58,Low,125.641259698768,42.4201734367869,15.1596531264263
W0372,Village,Education,42,17,9.49,3,65.2947488933951,0.336460832718045,52.9680906577757,94,2,1,1,68,Low,29.26,Low,125.641259698768,42.4201734367869,15.1596531264263
W0373,Village,Finance,31,28,4.87,4,91.2473611322168,0.018836823206707,87.0184418993136,203,19,14,1,94,High,50.47,Medium,124.515487748497,27.3363384188627,45.3273231622746
W0374,Town,Finance,44,18,7.61,5,62.0259489059113,0.371684583760204,36.4568278215768,104,14,11,0,89,Low,25.03,Medium,124.515487748497,27.3363384188627,45.3273231622746
W0375,Town,Healthcare,26,14,7.2,4,92.6560945766641,0.070435295647213,96.0553134292408,226,12,14,0,71,High,48.8,Low,125.641259698768,42.4201734367869,15.1596531264263
W0376,Town,Healthcare,22,7,8.28,2,66.4544699533694,0.298883521509046,43.7939958968226,103,15,0,1,67,Low,30.75,Low,125.641259698768,42.4201734367869,15.1596531264263
W0377,City,Finance,34,13,9.83,5,73.8038820103892,0.390664683897734,55.0024357905005,61,10,0,1,72,Low,33.26,Medium,124.515487748497,27.3363384188627,45.3273231622746
W0378,City,Healthcare,42,18,6.92,4,93.9772897562272,0.0428113569747242,97.6049598895113,211,1,14,1,51,High,49.57,Low,125.641259698768,42.4201734367869,15.1596531264263
W0379,City,IT,47,13,5.03,3,93.9295076499135,0.0961762478345469,88.3157212413837,238,5,13,0,99,High,45.98,Low,125.641259698768,42.4201734367869,15.1596531264263
W0380,Village,Healthcare,42,31,8.19,2,69.6496628965234,0.390866383109903,37.2499633214911,63,5,3,0,99,Low,25.46,Medium,124.515487748497,27.3363384188627,45.3273231622746
W0381,Town,Retail,39,2,9.17,2,70.445833695341,0.328122337921612,37.7881570779986,105,13,5,0,60,Low,28.05,Low,125.641259698768,42.4201734367869,15.1596531264263
W0382,Village,Healthcare,58,16,7.14,2,95.8673152738975,0.0795913142420157,89.5015796010049,227,10,12,1,80,High,49.96,Medium,124.515487748497,27.3363384188627,45.3273231622746
W0383,City,Education,53,9,6.65,5,94.8127395182761,0.0617354250988067,88.0982162853969,237,7,8,1,82,High,48.94,Medium,124.515487748497,27.3363384188627,45.3273231622746
W0384,Town,IT,57,9,6.98,1,83.3432713110966,0.104704235320688,63.2351136054433,157,7,0,1,63,Medium,40.07,Medium,124.515487748497,27.3363384188627,45.3273231622746
W0385,Village,Education,38,11,8.52,5,65.7546607097848,0.303269764603857,41.8077646555466,61,0,11,1,65,Low,27.08,Medium,124.515487748497,27.3363384188627,45.3273231622746
W0386,Town,Education,56,22,6.95,4,95.4418011594195,0.0543469869981363,89.9430763176574,221,6,0,0,60,High,47.37,Medium,124.515487748497,27.3363384188627,45.3273231622746
W0387,Village,Retail,32,33,7.89,1,86.4564129631598,0.19612812046234,65.8975638106211,161,5,12,1,82,Medium,40.22,Medium,124.515487748497,27.3363384188627,45.3273231622746
W0388,Town,IT,42,23,7.53,4,92.1046174768321,0.0318254997279421,84.8013930621436,213,7,12,0,56,High,45.76,Medium,124.515487748497,27.3363384188627,45.3273231622746
W0389,City,IT,47,34,7.41,1,99.0898089191487,0.0637930489579665,95.3833973904717,219,18,4,0,80,High,51.86,Medium,124.515487748497,27.3363384188627,45.3273231622746
W0390,City,IT,25,9,8.34,5,92.189701271058,0.0496549813601831,85.5399563690943,238,19,9,1,97,High,50.17,Low,125.641259698768,42.4201734367869,15.1596531264263
W0391,Town,IT,55,24,6.93,2,91.7219426742576,0.027096320787122,85.7125319936715,186,7,4,0,95,High,45.87,Medium,124.515487748497,27.3363384188627,45.3273231622746
W0392,Village,IT,39,8,6.98,3,66.1381578294614,0.254543983971944,52.3486332834281,76,13,4,0,96,Low,30.4,Low,125.641259698768,42.4201734367869,15.1596531264263
W0393,City,Retail,56,7,8.46,2,92.739148706299,0.0199872974649444,84.637192277657,230,17,9,0,63,High,48.05,Low,125.641259698768,42.4201734367869,15.1596531264263
W0394,City,Healthcare,50,18,6.32,5,99.3465195270722,0.000856921081074069,80.955994193155,188,15,5,0,77,High,49.06,Low,125.641259698768,42.4201734367869,15.1596531264263
W0395,City,Education,50,3,6.44,1,94.0788492685036,0.0113945269444544,93.5228357720291,213,8,7,1,92,High,50.5,Low,125.641259698768,42.4201734367869,15.1596531264263
W0396,Town,IT,59,28,5.99,2,81.4327662147023,0.248766831750204,64.310832381256,160,14,2,1,65,Medium,39.67,Low,125.641259698768,42.4201734367869,15.1596531264263
W0397,Town,Healthcare,42,6,8.52,5,99.5392080384672,0.0814208767054663,98.0796339317857,215,9,8,0,68,High,50.55,Low,125.641259698768,42.4201734367869,15.1596531264263
W0398,Village,Healthcare,34,21,7.37,4,82.7643563976439,0.226476688097926,69.1386246748802,125,15,12,1,66,Medium,41.44,Low,125.641259698768,42.4201734367869,15.1596531264263
W0399,Village,Education,38,28,5.92,3,76.3060233861076,0.21081670433779,78.2384171031997,122,3,0,0,75,Medium,37.08,Medium,124.515487748497,27.3363384188627,45.3273231622746
W0400,Village,Retail,30,1,8.52,2,67.0782016365816,0.311980507089529,55.428433424571,95,19,3,1,55,Low,33.93,Medium,124.515487748497,27.3363384188627,45.3273231622746
W0401,Town,Finance,22,21,6.83,1,68.3901099283467,0.321450744024155,57.0525404194487,112,12,8,1,92,Low,33.16,Low,125.641259698768,42.4201734367869,15.1596531264263
W0402,Town,Finance,23,13,6.45,4,77.2675405816412,0.205122694395802,77.6093274730908,154,4,14,1,98,Medium,39.52,Low,125.641259698768,42.4201734367869,15.1596531264263
W0403,Village,Healthcare,50,10,7.27,5,83.1622610642179,0.236337661618218,77.8978374907936,132,6,13,1,58,Medium,41.42,Low,125.641259698768,42.4201734367869,15.1596531264263
W0404,Village,Education,54,10,9.27,3,90.0376769455053,0.0631377436395429,91.9303200139726,217,8,7,1,99,High,48.46,Low,125.641259698768,42.4201734367869,15.1596531264263
W0405,Town,Finance,31,13,7.03,1,67.5161550515884,0.386619239576492,54.5500753514967,104,7,9,0,66,Low,28.74,Low,125.641259698768,42.4201734367869,15.1596531264263
W0406,Village,Healthcare,42,24,8.19,5,96.3453493336611,0.0532711622038985,87.8505239683565,192,15,8,1,80,High,51.02,Low,125.641259698768,42.4201734367869,15.1596531264263
W0407,City,Retail,49,2,8.37,5,78.7292869800203,0.234917962683075,77.6199617797695,131,5,0,0,61,Medium,37.85,Medium,124.515487748497,27.3363384188627,45.3273231622746
W0408,Town,Finance,32,22,8.03,2,82.2916022275704,0.167255040314736,64.8656800985301,144,15,8,0,72,Medium,39.05,Low,125.641259698768,42.4201734367869,15.1596531264263
W0409,Village,Healthcare,55,17,9.03,2,66.6631910456681,0.268387473476077,56.9100918358736,107,5,2,1,54,Low,31.74,Medium,124.515487748497,27.3363384188627,45.3273231622746
W0410,Town,Healthcare,29,14,6.65,1,75.7794194093557,0.219627611004383,62.9271714043523,139,13,10,0,92,Medium,35.78,Low,125.641259698768,42.4201734367869,15.1596531264263
W0411,City,IT,43,10,6.25,5,76.4074250216857,0.174432921923489,73.1093227854009,167,0,11,1,85,Medium,37.87,Medium,124.515487748497,27.3363384188627,45.3273231622746
W0412,Town,Retail,29,25,6.22,2,90.1480886113263,0.0841044982512561,90.2699592268372,207,8,9,0,85,High,45.94,Medium,124.515487748497,27.3363384188627,45.3273231622746
W0413,Town,IT,36,3,7.33,3,66.8953059562871,0.387232922518226,44.1866990214379,105,12,8,0,52,Low,27.48,Medium,124.515487748497,27.3363384188627,45.3273231622746
W0414,Town,Education,38,17,6.36,3,92.6859916150109,0.0534385564235263,96.6521802607677,239,18,0,1,73,High,52.3,Medium,124.515487748497,27.3363384188627,45.3273231622746
W0415,Town,IT,44,12,7.68,5,83.8694941106264,0.137280361589064,65.7789498352238,166,16,0,1,66,Medium,42.21,Medium,124.515487748497,27.3363384188627,45.3273231622746
W0416,City,IT,45,24,7.59,2,98.0719197040216,0.0757402198331028,87.1387459589627,206,10,8,1,88,High,50.18,Low,125.641259698768,42.4201734367869,15.1596531264263
W0417,Town,Finance,40,29,8.72,1,97.7485840218196,0.0129706257990027,89.0750752050071,194,7,10,1,75,High,50.49,Medium,124.515487748497,27.3363384188627,45.3273231622746
W0418,Town,Healthcare,26,25,7.85,1,94.3465731805109,0.0330794994781043,83.5732561067821,196,4,13,0,53,High,45.57,Low,125.641259698768,42.4201734367869,15.1596531264263
W0419,Village,Retail,53,26,7,1,75.6265200749673,0.14446610871691,65.3225482567322,177,9,5,1,94,Medium,38.18,Low,125.641259698768,42.4201734367869,15.1596531264263
W0420,Town,IT,22,1,7.99,3,64.0484955539902,0.296464797121436,45.1346493958969,75,6,3,0,61,Low,26.51,Low,125.641259698768,42.4201734367869,15.1596531264263
W0421,Village,Retail,44,20,6.26,2,65.3354071905654,0.357920534697007,39.7487948188078,95,9,6,0,50,Low,25.81,Low,125.641259698768,42.4201734367869,15.1596531264263
W0422,City,IT,58,28,7.45,2,84.025412005012,0.141680035021584,78.9367795625031,135,3,4,0,70,Medium,40.23,Low,125.641259698768,42.4201734367869,15.1596531264263
W0423,City,Education,29,16,7.88,3,65.8515736102114,0.391436906708764,50.9238416154593,116,8,9,0,68,Low,27.67,Low,125.641259698768,42.4201734367869,15.1596531264263
W0424,City,IT,34,17,7.66,1,88.087185575429,0.226138576566019,72.2299054831861,123,13,13,0,70,Medium,41.26,Low,125.641259698768,42.4201734367869,15.1596531264263
W0425,City,Finance,29,28,8,1,71.4841014485285,0.310616477161444,36.4235304747617,104,1,6,0,67,Low,25.87,Low,125.641259698768,42.4201734367869,15.1596531264263
W0426,Village,Healthcare,44,12,6.73,5,88.5665267682358,0.170093103727318,70.8994108567864,135,8,7,1,92,Medium,42.71,Low,125.641259698768,42.4201734367869,15.1596531264263
W0427,Town,Education,22,27,8.88,4,88.2818688553485,0.235336843464435,76.6386236946199,157,0,7,0,52,Medium,39.52,Medium,124.515487748497,27.3363384188627,45.3273231622746
W0428,City,IT,45,30,9.69,2,67.5762618274092,0.263273034354852,30.7651249221606,92,9,0,0,98,Low,25.63,Medium,124.515487748497,27.3363384188627,45.3273231622746
W0429,Town,Retail,56,34,5.58,2,81.9307832391642,0.226980173968511,69.5981485189319,156,9,7,0,93,Medium,38.09,Low,125.641259698768,42.4201734367869,15.1596531264263
W0430,Village,Education,45,6,6.04,2,77.5130036469209,0.214840722738669,69.3770857744198,141,19,5,1,81,Medium,40.84,Low,125.641259698768,42.4201734367869,15.1596531264263
W0431,Village,Education,38,7,7.55,4,77.3062761244281,0.152703390198239,65.0324588984579,157,2,3,1,59,Medium,37.14,Low,125.641259698768,42.4201734367869,15.1596531264263
W0432,Village,IT,26,32,7.19,5,97.1277179351691,0.0555005672334486,98.0838241510486,203,5,12,0,89,High,49.28,Medium,124.515487748497,27.3363384188627,45.3273231622746
W0433,City,Education,41,32,9.78,4,61.3990462787617,0.370752653985194,40.7267701437956,118,5,13,1,64,Low,25.91,Medium,124.515487748497,27.3363384188627,45.3273231622746
W0434,Town,Retail,42,25,7.76,1,79.9818427574296,0.137481431524822,71.7081305295887,135,1,11,0,54,Medium,37.22,Low,125.641259698768,42.4201734367869,15.1596531264263
W0435,Town,Education,52,33,9.17,1,68.6271395224973,0.314308771262722,35.2877203237684,76,17,7,1,53,Low,29.93,Medium,124.515487748497,27.3363384188627,45.3273231622746
W0436,Town,Retail,57,7,5.04,2,88.6831668508869,0.226538041839031,63.3867527352013,157,1,2,0,77,Medium,37.28,Low,125.641259698768,42.4201734367869,15.1596531264263
W0437,Village,IT,32,12,8.48,3,98.0967425808807,0.0695677663215339,95.3156858543145,222,11,12,1,53,High,52.09,Medium,124.515487748497,27.3363384188627,45.3273231622746
W0438,City,Healthcare,36,16,6.64,2,95.3011556503531,0.013776292939852,87.3811231868361,208,4,3,1,64,High,48.82,Low,125.641259698768,42.4201734367869,15.1596531264263
W0439,Village,Education,40,16,6.62,3,68.857478487779,0.396402088839819,39.0074281704646,105,19,14,1,66,Low,30.34,Medium,124.515487748497,27.3363384188627,45.3273231622746
W0440,Village,Healthcare,28,13,7.2,4,93.4385357554258,0.0693880688708322,97.6841470365864,188,6,5,0,93,High,48.15,Low,125.641259698768,42.4201734367869,15.1596531264263
W0441,Town,Retail,49,7,5.79,1,85.6643978905732,0.108744580579354,78.9700034445517,155,15,10,0,52,Medium,43.47,Low,125.641259698768,42.4201734367869,15.1596531264263
W0442,Village,Education,26,9,8.03,3,87.317928672542,0.148699190077779,67.5284749662088,170,19,6,0,59,Medium,42.08,Low,125.641259698768,42.4201734367869,15.1596531264263
W0443,Town,Finance,26,32,7.73,4,76.5733616490019,0.152160675333897,76.6519979284854,120,0,3,1,96,Medium,38.83,Medium,124.515487748497,27.3363384188627,45.3273231622746
W0444,City,Healthcare,51,11,7.82,1,64.1384318850591,0.355804403634502,44.883256511607,118,0,3,1,91,Low,26.71,Medium,124.515487748497,27.3363384188627,45.3273231622746
W0445,Town,Education,53,8,8.56,3,77.2771310546586,0.228151897417407,73.0485881163462,146,16,6,0,72,Medium,38.77,Low,125.641259698768,42.4201734367869,15.1596531264263
W0446,City,Healthcare,29,33,9.32,2,76.5886309267842,0.182001924983318,73.4766456014356,143,0,5,1,67,Medium,37.91,Medium,124.515487748497,27.3363384188627,45.3273231622746
W0447,Town,Education,31,23,7.06,2,63.9879374725486,0.325774602743997,45.4085929875221,73,19,12,0,50,Low,28.85,Medium,124.515487748497,27.3363384188627,45.3273231622746
W0448,Village,IT,59,25,8.07,2,63.4342660388272,0.342284230420031,42.8522221791951,98,12,10,0,84,Low,26.62,Medium,124.515487748497,27.3363384188627,45.3273231622746
W0449,Village,Healthcare,53,8,7.85,4,91.9177345829367,0.00500645270932944,97.472676452694,187,8,7,0,80,High,48.7,Medium,124.515487748497,27.3363384188627,45.3273231622746
W0450,City,Finance,49,22,7.95,2,66.9024074632946,0.3346190415643,48.9640094404965,86,14,0,0,93,Low,29.35,Medium,124.515487748497,27.3363384188627,45.3273231622746
W0451,City,Finance,38,4,7.97,5,87.2683955788171,0.14469696919934,60.2255555867178,146,2,9,1,50,Medium,39.24,Medium,124.515487748497,27.3363384188627,45.3273231622746
W0452,City,Retail,52,3,9.41,1,88.8102681643743,0.207261455106666,71.6781812620355,126,13,12,1,52,Medium,43.56,Low,125.641259698768,42.4201734367869,15.1596531264263
W0453,Town,Education,29,29,6.95,4,72.2723736636903,0.386872758134555,37.7132478749693,69,10,10,1,52,Low,29.38,Medium,124.515487748497,27.3363384188627,45.3273231622746
W0454,Town,Healthcare,46,29,5.67,2,79.7478314167859,0.110575743335239,71.0207312701175,150,11,6,0,86,Medium,39.29,Medium,124.515487748497,27.3363384188627,45.3273231622746
W0455,City,Retail,30,34,6.66,1,78.2957014837814,0.209046980701872,67.1825901824307,176,12,11,1,68,Medium,39.31,Medium,124.515487748497,27.3363384188627,45.3273231622746
W0456,Village,Healthcare,23,34,8.41,3,97.6424422121981,0.0539615850601837,82.5807357562088,202,12,6,0,78,High,47.75,Low,125.641259698768,42.4201734367869,15.1596531264263
W0457,Town,Education,36,28,7.53,2,60.3159757520282,0.353039112516145,38.5260982692536,87,0,10,0,74,Low,22.31,Medium,124.515487748497,27.3363384188627,45.3273231622746
W0458,Town,Finance,24,13,6.94,1,90.1102844849914,0.0312128276878106,80.2519007633885,209,9,6,0,82,High,44.66,Medium,124.515487748497,27.3363384188627,45.3273231622746
W0459,Town,IT,57,15,6.21,5,63.251827107067,0.330220146537875,35.7660273783079,97,2,6,0,85,Low,23.27,Low,125.641259698768,42.4201734367869,15.1596531264263
W0460,City,Finance,25,23,7.77,3,61.2160807118066,0.355257045109914,31.5266212661877,108,3,9,0,78,Low,21.76,Medium,124.515487748497,27.3363384188627,45.3273231622746
W0461,City,Retail,35,26,8.27,5,76.5455192794991,0.170170361805601,61.3465623124426,122,15,13,0,75,Medium,36.58,Medium,124.515487748497,27.3363384188627,45.3273231622746
W0462,City,IT,46,4,7.87,1,97.7013129192892,0.0141552109477106,96.6825086649449,186,7,9,1,53,High,51.98,Low,125.641259698768,42.4201734367869,15.1596531264263
W0463,City,Retail,31,26,7.2,5,87.9409608467132,0.182362483385308,71.076971114648,168,15,7,1,98,Medium,43.84,Medium,124.515487748497,27.3363384188627,45.3273231622746
W0464,City,Education,42,9,7.68,1,99.8419339171856,0.00303392468183182,99.9719633587309,200,16,8,1,63,High,55.2,Low,125.641259698768,42.4201734367869,15.1596531264263
W0465,Village,IT,57,5,7.67,1,98.4420958577623,0.043239636018509,96.5733428706719,197,18,8,1,99,High,54.1,Low,125.641259698768,42.4201734367869,15.1596531264263
W0466,Village,Retail,33,32,7.73,5,87.9452776360824,0.153136900478387,72.5714108088778,173,14,1,0,76,Medium,42.24,Medium,124.515487748497,27.3363384188627,45.3273231622746
W0467,City,Education,48,20,6.08,1,92.9749266999267,0.0296348076880581,94.511364951199,227,15,12,0,82,High,49.59,Medium,124.515487748497,27.3363384188627,45.3273231622746
W0468,Town,Finance,23,11,7.74,2,62.3047814519158,0.272300884554427,43.232929438087,65,14,12,1,71,Low,29.44,Low,125.641259698768,42.4201734367869,15.1596531264263
W0469,City,Education,34,15,6.97,1,91.0448239530784,0.023751612059406,87.5980104464541,199,1,6,1,97,High,46.88,Medium,124.515487748497,27.3363384188627,45.3273231622746
W0470,Village,Healthcare,53,32,8.75,4,90.1427698168583,0.0601316824336151,91.2526519173478,229,10,6,1,52,High,48.79,Low,125.641259698768,42.4201734367869,15.1596531264263
W0471,Village,Education,52,28,7.66,1,64.5247169145407,0.29780458859281,43.0077339316853,99,0,3,1,72,Low,27.02,Low,125.641259698768,42.4201734367869,15.1596531264263
W0472,Town,Education,37,22,8.5,4,92.8301696588377,0.0437963963962569,87.0999008207671,239,14,8,1,70,High,49.73,Low,125.641259698768,42.4201734367869,15.1596531264263
W0473,Village,Healthcare,53,17,7.14,1,84.4248594442213,0.223778940220854,65.7927077904329,152,18,7,1,90,Medium,41.91,Medium,124.515487748497,27.3363384188627,45.3273231622746
W0474,City,Retail,53,26,7.18,1,79.7839663107837,0.202554931858693,60.3739810922469,120,3,11,1,72,Medium,36.63,Medium,124.515487748497,27.3363384188627,45.3273231622746
W0475,Town,Retail,55,7,9.29,5,94.4660190110666,0.045764561603354,85.1736354760286,209,10,0,1,53,High,49,Low,125.641259698768,42.4201734367869,15.1596531264263
W0476,City,Education,32,26,8.02,2,72.961039692924,0.386389756518301,44.8529287220827,82,4,1,0,70,Low,27.83,Low,125.641259698768,42.4201734367869,15.1596531264263
W0477,City,Healthcare,31,25,6.64,2,64.4358292111046,0.358763968597981,33.5089932578499,92,2,12,0,86,Low,22.88,Low,125.641259698768,42.4201734367869,15.1596531264263
W0478,Town,Healthcare,36,10,8.58,3,62.8978082420017,0.387728973769256,53.6402267271268,75,12,14,0,92,Low,28.15,Low,125.641259698768,42.4201734367869,15.1596531264263
W0479,City,Finance,38,19,6.86,5,65.5489864075447,0.261675872966577,40.835404910689,117,9,12,0,80,Low,27.06,Medium,124.515487748497,27.3363384188627,45.3273231622746
W0480,Village,Retail,39,11,7.77,5,61.5713750078822,0.293683497786741,47.8113279955516,72,10,1,1,70,Low,29.13,Low,125.641259698768,42.4201734367869,15.1596531264263
W0481,City,IT,30,13,9.7,2,97.5298161729612,0.0106368166385244,81.6469828792857,225,17,11,0,75,High,48.98,Medium,124.515487748497,27.3363384188627,45.3273231622746
W0482,Town,Retail,46,8,5.78,5,91.8631677651853,0.00997262038533679,87.2664895113802,199,1,11,1,90,High,47.2,Medium,124.515487748497,27.3363384188627,45.3273231622746
W0483,Town,Retail,35,4,7.29,2,60.6075605000999,0.302271696369348,35.1962105641344,118,6,10,0,84,Low,23.45,Medium,124.515487748497,27.3363384188627,45.3273231622746
W0484,Town,Finance,46,31,7.99,5,83.0058766044662,0.187583473505807,63.9857328618031,162,8,14,1,87,Medium,39.49,Medium,124.515487748497,27.3363384188627,45.3273231622746
W0485,City,IT,43,28,8.42,1,88.3842759468119,0.132210268768235,69.8166209370336,137,9,14,1,73,Medium,43.01,Low,125.641259698768,42.4201734367869,15.1596531264263
W0486,Town,Finance,51,11,6.01,2,99.5053447452817,0.0980414360232807,90.9091339078498,225,17,7,0,60,High,50.55,Medium,124.515487748497,27.3363384188627,45.3273231622746
W0487,Town,IT,41,1,5.66,2,81.4914612808245,0.113278347282209,71.5709831099867,157,6,14,0,90,Medium,38.89,Medium,124.515487748497,27.3363384188627,45.3273231622746
W0488,City,Education,42,24,8.81,4,68.2251747119749,0.259246282515524,57.7978225978985,107,6,0,1,78,Low,32.68,Low,125.641259698768,42.4201734367869,15.1596531264263
W0489,Village,IT,53,31,6.64,5,61.0622029771367,0.354732318024171,48.0893935288747,70,2,3,1,96,Low,26.82,Medium,124.515487748497,27.3363384188627,45.3273231622746
W0490,City,Finance,42,26,6.59,5,78.401558418364,0.196346343368653,65.245635681296,173,11,9,1,52,Medium,38.88,Medium,124.515487748497,27.3363384188627,45.3273231622746
W0491,Town,Retail,56,5,9.36,2,65.53684706657,0.298350768712142,47.7014221326776,98,6,11,0,50,Low,27.46,Low,125.641259698768,42.4201734367869,15.1596531264263
W0492,Town,IT,53,20,7.58,1,86.6513311818572,0.142691539684027,66.9040909614639,132,16,4,0,68,Medium,41.2,Medium,124.515487748497,27.3363384188627,45.3273231622746
W0493,City,IT,51,11,7.59,1,98.9082413151063,0.00944624258010869,99.7775142427509,236,0,8,1,95,High,51.63,Low,125.641259698768,42.4201734367869,15.1596531264263
W0494,Village,Healthcare,33,33,7.28,1,97.2942609398272,0.0963943734268943,83.1135042552848,208,4,6,0,98,High,45.73,Medium,124.515487748497,27.3363384188627,45.3273231622746
W0495,Town,Retail,39,27,6.03,5,98.4470916707586,0.0418383337713272,88.8171022540503,188,15,7,1,71,High,51.96,Medium,124.515487748497,27.3363384188627,45.3273231622746
W0496,Town,Education,42,34,8.31,4,84.3898430380425,0.190378883518788,61.3551367988435,148,14,13,0,63,Medium,38.55,Medium,124.515487748497,27.3363384188627,45.3273231622746
W0497,Town,Finance,34,15,7.99,2,77.6142619173632,0.15189242767948,66.6114046569491,163,1,10,0,98,Medium,35.36,Medium,124.515487748497,27.3363384188627,45.3273231622746
W0498,City,Education,42,32,7.7,3,77.2314637204849,0.10661383245963,67.4857626465481,174,8,8,0,63,Medium,37.27,Low,125.641259698768,42.4201734367869,15.1596531264263
W0499,Town,Retail,29,21,7.36,4,90.334379855611,0.0470249085328754,99.0889538970598,226,6,12,0,93,High,47.74,Low,125.641259698768,42.4201734367869,15.1596531264263
W0500,Village,IT,28,5,7.15,3,84.8551891539075,0.150691835656794,65.8896225922739,121,3,6,0,65,Medium,37.78,Low,125.641259698768,42.4201734367869,15.1596531264263
W0501,Town,IT,44,6,8.59,4,63.4785593418344,0.346379775300905,37.9787049639067,101,19,4,1,82,Low,29.02,Medium,124.515487748497,27.3363384188627,45.3273231622746
W0502,Town,Retail,53,22,7.33,1,84.7592759356506,0.188023066761035,75.8228023494426,127,17,12,1,62,Medium,44.17,Medium,124.515487748497,27.3363384188627,45.3273231622746
W0503,Village,IT,32,18,7.42,5,83.150530306025,0.137322447300733,72.5634342819755,146,3,14,0,87,Medium,38.75,Medium,124.515487748497,27.3363384188627,45.3273231622746
W0504,Town,IT,43,14,8.14,3,93.4027498223403,0.0620832632774193,97.8199074928853,219,12,4,1,98,High,51.46,Medium,124.515487748497,27.3363384188627,45.3273231622746
W0505,City,IT,43,10,7.75,4,81.8542263474027,0.146706316324498,76.5641576494686,174,0,9,1,61,Medium,40.47,Low,125.641259698768,42.4201734367869,15.1596531264263
W0506,City,Finance,46,13,9.47,5,90.6150573645864,0.00513343713236776,87.6030028391534,201,2,10,0,87,High,45.14,Low,125.641259698768,42.4201734367869,15.1596531264263
W0507,City,Finance,43,31,5.39,3,69.9822357002729,0.273655543188924,37.3158035984245,94,15,5,1,88,Low,30.76,Low,125.641259698768,42.4201734367869,15.1596531264263
W0508,Village,Healthcare,49,30,7.86,2,92.2112326288901,0.02742618501589,90.9522396828562,220,3,4,0,82,High,46.27,Low,125.641259698768,42.4201734367869,15.1596531264263
W0509,Town,Education,50,3,6.65,4,75.1988301863907,0.123012636911633,68.0015812686075,143,15,12,1,82,Medium,39.99,Medium,124.515487748497,27.3363384188627,45.3273231622746
W0510,City,Retail,34,30,6.37,2,82.150350613087,0.168252315769667,74.5761946665427,164,18,11,1,78,Medium,43.55,Low,125.641259698768,42.4201734367869,15.1596531264263
W0511,Village,Retail,39,6,6.95,1,67.1429808306937,0.26917746054902,51.4307698315311,76,0,10,1,54,Low,29.77,Medium,124.515487748497,27.3363384188627,45.3273231622746
W0512,Town,Retail,23,29,7.57,2,97.078621034542,0.0153296160515387,98.2950366285081,200,4,8,1,55,High,51.51,Low,125.641259698768,42.4201734367869,15.1596531264263
W0513,Village,Healthcare,50,8,7.62,2,79.8036172298381,0.136285865888764,67.5715385472756,128,18,2,1,80,Medium,41.75,Medium,124.515487748497,27.3363384188627,45.3273231622746
W0514,City,Finance,42,33,5.68,4,82.2799737365169,0.218191138100935,64.3290205734535,158,10,2,1,65,Medium,39.43,Low,125.641259698768,42.4201734367869,15.1596531264263
W0515,City,Healthcare,36,17,6.85,1,96.5369869290508,0.0773936128823672,96.2765826318569,230,12,14,1,80,High,51.94,Medium,124.515487748497,27.3363384188627,45.3273231622746
W0516,City,Retail,48,11,7.84,2,92.4384272996611,0.0152574224302379,97.1837807744314,224,19,6,0,74,High,50.91,Medium,124.515487748497,27.3363384188627,45.3273231622746
W0517,Village,Education,52,13,6.45,5,78.4477902774444,0.235511163379419,61.9830577035738,120,4,6,0,97,Medium,34.43,Medium,124.515487748497,27.3363384188627,45.3273231622746
W0518,Village,IT,36,11,6.16,3,98.5026739433592,0.0706368771850308,85.8095791844651,205,3,5,0,95,High,46.69,Low,125.641259698768,42.4201734367869,15.1596531264263
W0519,City,Finance,44,31,4.79,2,85.1123563565319,0.128568549554507,68.4009666241434,166,3,2,0,82,Medium,38.6,Medium,124.515487748497,27.3363384188627,45.3273231622746
W0520,Village,Finance,45,28,6.7,1,94.7092082641764,0.0917847422820352,87.7413462678259,211,3,13,1,62,High,47.73,Medium,124.515487748497,27.3363384188627,45.3273231622746
W0521,City,Healthcare,34,6,6.12,2,64.6241184565539,0.339303358376547,55.293931340968,118,3,12,1,59,Low,29.7,Medium,124.515487748497,27.3363384188627,45.3273231622746
W0522,City,Finance,43,16,6.32,3,73.9233604773625,0.393485628617824,54.4608959046399,61,19,6,1,73,Low,34.96,Medium,124.515487748497,27.3363384188627,45.3273231622746
W0523,Town,Retail,58,4,7.17,1,61.4801438460359,0.349721163787037,38.2992452531393,62,17,4,0,59,Low,26.03,Low,125.641259698768,42.4201734367869,15.1596531264263
W0524,Village,Retail,54,26,6.78,4,86.2113329254757,0.237738725191196,71.4570729681683,159,17,6,0,90,Medium,41.24,Medium,124.515487748497,27.3363384188627,45.3273231622746
W0525,City,Healthcare,24,12,6.1,1,75.3027778944651,0.172538957215649,69.519900178094,129,15,1,0,80,Medium,37.82,Low,125.641259698768,42.4201734367869,15.1596531264263
W0526,City,Retail,40,11,4.96,4,90.9346793690444,0.0507850143137481,83.2447109628116,234,8,5,1,62,High,47.12,Medium,124.515487748497,27.3363384188627,45.3273231622746
W0527,Village,Education,44,25,7.86,1,70.9535413210224,0.329612590358221,47.1051974387529,112,17,13,0,52,Low,30.86,Low,125.641259698768,42.4201734367869,15.1596531264263
W0528,Town,Healthcare,50,18,8.4,3,82.4473797829645,0.176694703655573,78.1336286867903,167,1,7,1,99,Medium,40.86,Low,125.641259698768,42.4201734367869,15.1596531264263
W0529,Town,Education,51,19,7.02,3,92.2488678022553,0.0519448786391238,91.2537751158146,221,3,0,0,83,High,46.1,Low,125.641259698768,42.4201734367869,15.1596531264263
W0530,City,IT,46,23,7.18,1,72.6297113354354,0.387618433283652,56.9892126150468,65,11,3,1,98,Low,33.54,Low,125.641259698768,42.4201734367869,15.1596531264263
W0531,Village,Education,58,18,7.5,2,67.8433804929627,0.288250547875161,37.61395667058,100,6,10,0,77,Low,26.23,Medium,124.515487748497,27.3363384188627,45.3273231622746
W0532,Town,IT,29,26,9.39,3,83.4035424610691,0.117708176089008,61.0692247741136,163,14,0,1,68,Medium,40.93,Medium,124.515487748497,27.3363384188627,45.3273231622746
W0533,Village,IT,37,6,5.62,4,63.0701339550676,0.355934874779767,52.6968953218634,78,6,13,0,72,Low,27.13,Medium,124.515487748497,27.3363384188627,45.3273231622746
W0534,Village,Education,29,4,7,4,67.211181266405,0.352856084392911,48.8364405008963,81,16,0,0,94,Low,29.64,Low,125.641259698768,42.4201734367869,15.1596531264263
W0535,City,Healthcare,22,29,5.43,5,93.9814949352291,0.0579967820203143,98.9610656370578,209,15,9,1,81,High,52.49,Low,125.641259698768,42.4201734367869,15.1596531264263
W0536,Town,Retail,26,34,7.93,4,68.2205077938998,0.321473409603074,39.445512717523,72,18,11,1,62,Low,30.77,Medium,124.515487748497,27.3363384188627,45.3273231622746
W0537,City,Retail,24,17,7.33,5,75.3356562632715,0.146953803205237,75.5774948030131,132,8,13,0,82,Medium,37.9,Medium,124.515487748497,27.3363384188627,45.3273231622746
W0538,Town,IT,22,16,7.74,1,88.4729018681359,0.169353340140199,67.8407289360673,166,13,13,1,83,Medium,43.09,Medium,124.515487748497,27.3363384188627,45.3273231622746
W0539,Town,IT,25,2,7.68,1,80.3634200702682,0.225335606494684,78.3770509293571,133,16,10,0,82,Medium,40.79,Medium,124.515487748497,27.3363384188627,45.3273231622746
W0540,Town,Healthcare,56,34,8.69,1,69.2374917977075,0.297861245848109,52.2482005237062,85,4,7,1,54,Low,31.08,Low,125.641259698768,42.4201734367869,15.1596531264263
W0541,Town,Finance,53,8,8.15,2,95.5201817229565,0.0230941664598744,94.8700507155815,222,1,6,0,52,High,47.69,Low,125.641259698768,42.4201734367869,15.1596531264263
W0542,Town,Education,55,13,8.5,2,94.0084523565348,0.0206760524069762,83.9937085233636,231,19,11,1,56,High,50.69,Low,125.641259698768,42.4201734367869,15.1596531264263
W0543,Village,IT,46,8,6.22,5,97.1563555055776,0.0800054407951371,86.9221448156479,201,15,9,0,73,High,48.82,Medium,124.515487748497,27.3363384188627,45.3273231622746
W0544,City,Retail,31,30,8.93,4,88.5217428508166,0.241245227811005,76.4361880697029,143,13,12,0,71,Medium,42.09,Medium,124.515487748497,27.3363384188627,45.3273231622746
W0545,Village,Healthcare,42,32,6.63,4,95.5490983382541,0.0188041092588786,97.1933109533295,217,13,0,0,94,High,50.61,Medium,124.515487748497,27.3363384188627,45.3273231622746
W0546,Town,Education,48,30,6.7,1,80.9045697239787,0.122020244763099,69.1008847391469,125,0,10,1,72,Medium,38.92,Low,125.641259698768,42.4201734367869,15.1596531264263
W0547,City,Healthcare,48,1,7.83,3,92.1508522878509,0.0271860726725916,83.3941047831049,190,2,13,0,79,High,44.53,Low,125.641259698768,42.4201734367869,15.1596531264263
W0548,Town,Education,23,17,7.86,2,97.930103076256,0.0132643874453966,90.3727738133203,227,6,12,1,67,High,50.62,Medium,124.515487748497,27.3363384188627,45.3273231622746
W0549,City,Education,34,20,6.21,2,70.3030954871242,0.270741329151671,58.0191627202016,83,14,1,1,81,Low,34.82,Medium,124.515487748497,27.3363384188627,45.3273231622746
W0550,Village,IT,30,24,7.29,1,67.7657884721664,0.336291939228213,33.7954136702729,95,18,3,1,56,Low,29.37,Low,125.641259698768,42.4201734367869,15.1596531264263
W0551,City,Healthcare,57,22,9.29,2,76.9372998755869,0.212224269854304,68.9234308820809,156,19,0,0,82,Medium,38.61,Medium,124.515487748497,27.3363384188627,45.3273231622746
W0552,City,Healthcare,43,29,5.74,1,85.4475685209029,0.190691907025783,73.0409655249949,156,1,2,1,54,Medium,40.6,Low,125.641259698768,42.4201734367869,15.1596531264263
W0553,City,Retail,47,22,9.28,5,83.7074767378337,0.159303476629207,74.5959285883423,157,18,7,1,98,Medium,44.1,Medium,124.515487748497,27.3363384188627,45.3273231622746
W0554,City,Retail,33,9,7.21,4,60.4616772115563,0.377783197370558,49.8367209890701,75,8,7,1,77,Low,27.96,Medium,124.515487748497,27.3363384188627,45.3273231622746
W0555,City,IT,38,10,4.69,3,96.5937892860147,0.034916038656575,93.4063926796309,192,18,7,0,57,High,50.99,Medium,124.515487748497,27.3363384188627,45.3273231622746
W0556,Town,IT,35,28,5.86,4,99.3101927587971,0.084141643602535,92.948938475025,181,4,5,1,64,High,50.42,Low,125.641259698768,42.4201734367869,15.1596531264263
W0557,City,Finance,35,28,6.34,4,81.8859961995041,0.21527016934962,64.2112989777336,131,17,5,1,53,Medium,40.71,Medium,124.515487748497,27.3363384188627,45.3273231622746
W0558,City,Retail,55,21,6.75,5,63.4650857999773,0.261948376139633,32.0268625447505,68,15,4,1,83,Low,27.85,Medium,124.515487748497,27.3363384188627,45.3273231622746
W0559,Village,Education,41,24,7.37,2,95.7552021696612,0.0925264641656964,82.9379313775556,191,3,12,1,54,High,47.07,Medium,124.515487748497,27.3363384188627,45.3273231622746
W0560,City,Healthcare,32,2,4.26,3,96.5706518253295,0.0732304192219466,87.1081081352467,187,11,8,0,82,High,47.94,Medium,124.515487748497,27.3363384188627,45.3273231622746
W0561,Village,IT,37,8,7.72,2,83.8767707841538,0.214133720944186,78.7345306357322,154,6,3,0,54,Medium,40.03,Low,125.641259698768,42.4201734367869,15.1596531264263
W0562,Town,Healthcare,52,27,6.23,4,66.675728848013,0.373395440733583,37.869412020543,112,13,9,1,87,Low,28.49,Medium,124.515487748497,27.3363384188627,45.3273231622746
W0563,City,Healthcare,27,22,9.17,1,94.2137694121386,0.0793835912148616,89.2969960740811,219,11,14,1,83,High,49.62,Medium,124.515487748497,27.3363384188627,45.3273231622746
W0564,Village,Finance,40,27,7.18,4,63.5947732175308,0.255232045873004,41.8978050116198,95,2,11,1,75,Low,27.35,Low,125.641259698768,42.4201734367869,15.1596531264263
W0565,Village,Retail,58,29,8.63,2,65.1134188226152,0.308917846949306,50.1735818499168,104,4,11,1,50,Low,29.32,Medium,124.515487748497,27.3363384188627,45.3273231622746
W0566,Town,IT,25,3,8.83,4,60.7314381718116,0.264331581184715,49.1071333407387,112,16,11,0,53,Low,28.64,Medium,124.515487748497,27.3363384188627,45.3273231622746
W0567,City,Healthcare,25,13,8.8,1,77.956212524047,0.17531974613793,60.3802227489467,128,9,6,0,88,Medium,35.56,Medium,124.515487748497,27.3363384188627,45.3273231622746
W0568,City,IT,41,10,6.82,5,97.6299889771194,0.0584576472751507,80.7623649037698,188,9,0,0,75,High,46.74,Medium,124.515487748497,27.3363384188627,45.3273231622746
W0569,Village,Education,31,9,6.8,2,82.1964314726622,0.185972387197187,77.5892821680508,176,10,14,0,82,Medium,40.39,Medium,124.515487748497,27.3363384188627,45.3273231622746
W0570,City,Finance,45,27,7.23,4,93.2744056295407,0.0135832428413266,84.7385184146289,188,16,8,1,82,High,50.07,Low,125.641259698768,42.4201734367869,15.1596531264263
W0571,Village,Education,56,34,8.26,2,92.0000892111275,0.013084236134882,93.5162327148547,183,4,6,1,57,High,49.05,Medium,124.515487748497,27.3363384188627,45.3273231622746
W0572,City,IT,47,1,6.89,5,94.2919058196003,0.0304813144645132,85.1297504641431,192,12,9,0,69,High,47.49,Low,125.641259698768,42.4201734367869,15.1596531264263
W0573,Village,IT,58,32,7.36,4,73.8093504028045,0.330038459516561,33.2800669385499,73,9,11,0,65,Low,27.33,Medium,124.515487748497,27.3363384188627,45.3273231622746
W0574,City,Retail,59,25,7.83,4,60.4488777482953,0.26248027247634,38.5084881987878,96,8,8,1,70,Low,26.85,Low,125.641259698768,42.4201734367869,15.1596531264263
W0575,Town,Healthcare,42,29,6.41,2,96.9679551396434,0.0596030160949801,89.2077235135008,183,16,6,1,94,High,51.61,Low,125.641259698768,42.4201734367869,15.1596531264263
W0576,City,Healthcare,42,7,6.34,2,92.7468749398742,0.0648645659062063,94.4310776518692,200,0,1,1,75,High,48.14,Medium,124.515487748497,27.3363384188627,45.3273231622746
W0577,City,Education,31,3,7.31,1,69.4992389727818,0.279761515179034,44.3256282241612,111,3,14,1,72,Low,29.56,Low,125.641259698768,42.4201734367869,15.1596531264263
W0578,Town,Finance,59,20,7.47,5,98.8216672447103,0.0574869495158071,87.9601287500763,180,3,5,1,67,High,49.34,Medium,124.515487748497,27.3363384188627,45.3273231622746
W0579,City,Healthcare,25,20,8.02,1,96.6126530626509,0.0409344920882393,97.9082542238844,180,17,9,0,80,High,51.63,Medium,124.515487748497,27.3363384188627,45.3273231622746
W0580,Town,Retail,41,30,8.31,4,96.0363209989307,0.0916422189167534,81.0004453383312,192,8,11,0,91,High,45.77,Low,125.641259698768,42.4201734367869,15.1596531264263
W0581,City,Education,38,27,6.18,2,72.4602646160827,0.286743026254893,51.1612891959549,91,17,10,1,61,Low,34.54,Low,125.641259698768,42.4201734367869,15.1596531264263
W0582,Village,Education,28,26,6.53,4,99.9645050510009,0.0787250302669363,88.1748207351625,221,13,3,1,50,High,51.53,Medium,124.515487748497,27.3363384188627,45.3273231622746
W0583,Village,Retail,25,14,6.34,4,69.9434067869816,0.267309978742124,41.7974694493486,76,14,2,0,91,Low,29.5,Low,125.641259698768,42.4201734367869,15.1596531264263
W0584,City,Finance,50,17,9.19,3,90.8472868329032,0.0622972887688096,80.1357110595366,207,5,1,1,58,High,45.74,Low,125.641259698768,42.4201734367869,15.1596531264263
W0585,City,Retail,35,18,7.36,3,84.0433214355686,0.245934158408154,61.0589750035267,126,9,5,0,52,Medium,36.82,Medium,124.515487748497,27.3363384188627,45.3273231622746
W0586,City,Finance,24,29,7.52,4,71.7390138662041,0.392438015134688,55.2112325897611,61,14,7,0,75,Low,31.46,Low,125.641259698768,42.4201734367869,15.1596531264263
W0587,Village,Retail,45,20,7.57,2,82.8475509338348,0.149811083623573,62.9438939214208,156,3,5,0,58,Medium,36.61,Low,125.641259698768,42.4201734367869,15.1596531264263
W0588,City,Retail,58,27,6.64,4,93.6649357916116,0.0559574841955873,93.3101881751443,205,17,8,0,91,High,49.69,Medium,124.515487748497,27.3363384188627,45.3273231622746
W0589,Village,IT,37,18,9.38,3,84.7016051128314,0.100753825504797,68.1286456761268,127,17,13,1,65,Medium,43.48,Medium,124.515487748497,27.3363384188627,45.3273231622746
W0590,Town,Education,25,4,7.99,2,60.4830542709766,0.293218769328204,52.2849891133289,117,16,4,1,73,Low,30.92,Low,125.641259698768,42.4201734367869,15.1596531264263
W0591,Village,Retail,45,1,7.55,4,82.235714748283,0.139504542849712,63.9874288683033,121,11,1,0,99,Medium,38.32,Low,125.641259698768,42.4201734367869,15.1596531264263
W0592,Village,Retail,55,1,6.17,5,78.6627472880856,0.174445540522971,67.9491193970491,130,6,7,1,63,Medium,38.7,Medium,124.515487748497,27.3363384188627,45.3273231622746
W0593,Town,Healthcare,51,26,6.11,5,70.0893023631101,0.333221013741092,42.2634175855366,93,15,8,1,52,Low,31.19,Low,125.641259698768,42.4201734367869,15.1596531264263
W0594,Village,Education,39,20,7.13,4,82.8773735695803,0.244658388498589,64.1272578838705,170,10,13,1,83,Medium,39.31,Medium,124.515487748497,27.3363384188627,45.3273231622746
W0595,City,Healthcare,40,23,6.66,2,84.4274807064177,0.233692399724163,75.2738094659698,167,13,9,1,82,Medium,42.72,Low,125.641259698768,42.4201734367869,15.1596531264263
W0596,City,Education,52,10,6.22,4,79.142968885724,0.207557190806066,61.6011406244346,137,2,3,0,99,Medium,34.44,Medium,124.515487748497,27.3363384188627,45.3273231622746
W0597,Village,Healthcare,40,11,7.05,4,86.2244638358407,0.212241523038156,75.0871518917724,132,18,5,1,73,Medium,44.42,Low,125.641259698768,42.4201734367869,15.1596531264263
W0598,City,Retail,40,5,7.24,3,97.1776054481623,0.067981812521997,96.618449816437,192,17,14,0,58,High,51.28,Low,125.641259698768,42.4201734367869,15.1596531264263
W0599,Village,Retail,43,1,7.67,5,97.4273072945409,0.0414308312334173,89.4713899714929,191,9,10,0,62,High,48.59,Medium,124.515487748497,27.3363384188627,45.3273231622746
W0600,City,IT,45,17,6.9,3,82.8173826859831,0.237602335226012,67.4381148763463,177,5,9,1,51,Medium,39.03,Medium,124.515487748497,27.3363384188627,45.3273231622746
W0601,City,Healthcare,33,22,6.29,3,72.7438047975553,0.344578171337226,46.8148314199022,91,12,7,0,56,Low,30.18,Medium,124.515487748497,27.3363384188627,45.3273231622746
W0602,Village,Finance,51,34,6.33,4,93.2814718051507,0.0908189595696503,81.9390424719798,198,9,8,1,97,High,47.35,Medium,124.515487748497,27.3363384188627,45.3273231622746
W0603,City,IT,59,29,8.96,3,94.7154012658816,0.0149838134187968,85.2792170826374,223,17,11,1,70,High,50.81,Medium,124.515487748497,27.3363384188627,45.3273231622746
W0604,Village,Healthcare,52,4,6,5,62.9683899070312,0.254431295291724,42.5841222393098,91,19,4,0,68,Low,28.7,Low,125.641259698768,42.4201734367869,15.1596531264263
W0605,City,Healthcare,57,5,7.94,3,82.6050813211402,0.10307156250433,69.915627097098,176,15,11,1,74,Medium,42.81,Low,125.641259698768,42.4201734367869,15.1596531264263
W0606,City,IT,40,11,8.12,5,95.319106968813,0.0091850337229201,88.9003736745071,226,5,5,0,96,High,47.38,Low,125.641259698768,42.4201734367869,15.1596531264263
W0607,Town,Retail,57,21,7.35,3,96.8688607838176,0.0776403322022103,86.2267848585883,212,12,10,0,71,High,48.02,Low,125.641259698768,42.4201734367869,15.1596531264263
W0608,Town,Healthcare,51,12,9.62,5,61.4425837080338,0.28411723810972,30.0905278893359,82,3,3,1,60,Low,24.24,Medium,124.515487748497,27.3363384188627,45.3273231622746
W0609,Village,Retail,54,26,8.1,3,61.5205036328509,0.320919001795237,49.6366971686432,98,13,4,1,82,Low,29.82,Low,125.641259698768,42.4201734367869,15.1596531264263
W0610,Town,IT,39,19,9.71,3,98.2398038915707,0.0677101276357365,83.9783471903053,211,0,6,1,81,High,47.68,Medium,124.515487748497,27.3363384188627,45.3273231622746
W0611,Village,Retail,49,7,6.72,2,75.1705176958316,0.199200717075432,65.4976957942227,134,19,8,0,70,Medium,37.51,Low,125.641259698768,42.4201734367869,15.1596531264263
W0612,Town,Education,32,7,6.74,5,94.2740828790432,0.0134797828419477,98.2733919488544,229,4,9,1,88,High,50.7,Low,125.641259698768,42.4201734367869,15.1596531264263
W0613,City,Finance,54,26,8.13,5,94.4014844722413,0.0512428551376656,93.4542722300087,226,7,10,0,69,High,47.99,Medium,124.515487748497,27.3363384188627,45.3273231622746
W0614,Village,Healthcare,38,5,7.19,5,64.9502760434025,0.369573265872375,42.8426557267811,70,11,12,0,57,Low,26.59,Low,125.641259698768,42.4201734367869,15.1596531264263
W0615,Village,Finance,27,21,9.52,1,85.3852906534464,0.21350573651672,72.671202347,171,1,5,1,91,Medium,40.29,Medium,124.515487748497,27.3363384188627,45.3273231622746
W0616,City,Retail,25,14,7.91,3,88.6874417978019,0.218000042331244,74.628735283025,129,11,13,1,86,Medium,43.61,Medium,124.515487748497,27.3363384188627,45.3273231622746
W0617,Village,Healthcare,41,4,6.25,5,67.6997058093741,0.32376859489355,46.3982346161491,104,4,5,1,58,Low,29.2,Medium,124.515487748497,27.3363384188627,45.3273231622746
W0618,Village,Retail,48,23,5.42,1,68.3960661555439,0.276635800394743,38.8082595835678,109,4,7,0,74,Low,26.36,Low,125.641259698768,42.4201734367869,15.1596531264263
W0619,Town,Education,36,20,7.41,2,90.6662799841038,0.0976079686221468,99.1398353774088,218,12,10,1,74,High,50.54,Medium,124.515487748497,27.3363384188627,45.3273231622746
W0620,Village,IT,27,15,7.39,5,97.5009241285364,0.084295039017681,89.4019191690303,213,8,3,0,82,High,47.98,Medium,124.515487748497,27.3363384188627,45.3273231622746
W0621,City,Healthcare,35,29,7.88,5,86.6224814019942,0.242591766211434,72.0508004155792,123,9,2,1,51,Medium,41.82,Medium,124.515487748497,27.3363384188627,45.3273231622746
W0622,Town,Education,32,8,8.95,1,83.1129185590637,0.199769929027559,68.3392660639186,136,0,13,1,68,Medium,38.66,Medium,124.515487748497,27.3363384188627,45.3273231622746
W0623,Town,Education,30,19,8.79,3,72.1856064834817,0.333734762541949,39.4191685460305,105,2,6,0,95,Low,26.65,Medium,124.515487748497,27.3363384188627,45.3273231622746
W0624,City,Healthcare,47,28,6.81,2,84.4556621198941,0.148544368687072,61.5131905194915,154,17,4,0,69,Medium,39.62,Medium,124.515487748497,27.3363384188627,45.3273231622746
W0625,City,Retail,37,27,5.95,5,93.2513292840027,0.0471110354997754,96.374759809093,239,11,1,1,91,High,51.08,Medium,124.515487748497,27.3363384188627,45.3273231622746
W0626,Town,Education,26,4,6.02,3,86.6903302372037,0.122111917545098,73.4552285148758,176,2,1,1,90,Medium,41.95,Low,125.641259698768,42.4201734367869,15.1596531264263
W0627,Village,Finance,31,15,6.62,2,93.9748799242263,0.0217140404037672,87.472816369334,215,8,10,1,91,High,49.16,Low,125.641259698768,42.4201734367869,15.1596531264263
W0628,Town,Education,24,1,7.06,4,62.5185484622877,0.387166702308431,51.7832700745918,78,1,5,1,78,Low,27.47,Low,125.641259698768,42.4201734367869,15.1596531264263
W0629,City,Retail,34,3,7.87,4,87.1198138925361,0.104816437072309,72.2334906235474,163,2,7,1,55,Medium,42,Low,125.641259698768,42.4201734367869,15.1596531264263
W0630,Town,Retail,51,24,6.54,2,60.7555766599835,0.364445408306354,50.4017361785619,76,13,0,0,66,Low,27.29,Low,125.641259698768,42.4201734367869,15.1596531264263
W0631,City,Finance,27,27,7.84,1,99.278100616477,0.0332656599820892,90.0641883350309,190,3,14,0,74,High,48.14,Low,125.641259698768,42.4201734367869,15.1596531264263
W0632,Town,Education,38,34,7.93,2,94.168346152228,0.0560209402740945,88.5864268393527,225,18,10,0,87,High,49.1,Medium,124.515487748497,27.3363384188627,45.3273231622746
W0633,Village,Retail,40,29,7.67,2,78.6429591511006,0.12655649417926,60.5418804719343,127,12,5,0,53,Medium,36.89,Low,125.641259698768,42.4201734367869,15.1596531264263
W0634,Town,Healthcare,56,24,6.15,1,68.2823905208344,0.25180937767336,30.9944586710057,75,6,11,1,79,Low,27.4,Medium,124.515487748497,27.3363384188627,45.3273231622746
W0635,Town,IT,47,24,8.06,1,72.7712147079944,0.383919390938483,48.9631332447085,81,11,1,0,69,Low,30.02,Low,125.641259698768,42.4201734367869,15.1596531264263
W0636,City,IT,26,4,10,3,63.783484250864,0.325696158392211,58.2915144373264,61,2,1,0,52,Low,27.96,Low,125.641259698768,42.4201734367869,15.1596531264263
W0637,City,IT,50,3,7.8,3,87.5314871602213,0.198886680557631,66.5509516444362,162,8,6,0,72,Medium,39.25,Low,125.641259698768,42.4201734367869,15.1596531264263
W0638,City,Education,58,34,3.96,1,79.3567104345652,0.215498842182806,76.4685160435355,157,1,9,1,67,Medium,39.21,Medium,124.515487748497,27.3363384188627,45.3273231622746
W0639,Town,Finance,41,23,8.99,4,72.9073788218585,0.271115568665682,36.5220073661818,85,8,0,0,75,Low,28.1,Medium,124.515487748497,27.3363384188627,45.3273231622746
W0640,Village,Retail,42,23,6.66,4,68.7242645524241,0.320393486640622,33.3814860264352,94,11,5,1,85,Low,28.33,Medium,124.515487748497,27.3363384188627,45.3273231622746
W0641,City,Healthcare,31,5,10.22,2,90.2544714329504,0.0642746046075279,97.8548508599271,192,11,13,0,57,High,48.28,Medium,124.515487748497,27.3363384188627,45.3273231622746
W0642,City,Healthcare,26,31,7.64,5,94.6020661815662,0.0903767261399107,88.196953462367,203,14,6,1,66,High,50,Medium,124.515487748497,27.3363384188627,45.3273231622746
W0643,Town,Education,57,6,5.48,2,61.9168635359393,0.301152563967881,35.4441141894499,113,1,13,0,80,Low,22.9,Low,125.641259698768,42.4201734367869,15.1596531264263
W0644,City,IT,27,10,5.02,2,82.3747647017729,0.147507568303782,64.9050051855111,174,17,7,1,86,Medium,41.69,Medium,124.515487748497,27.3363384188627,45.3273231622746
W0645,Village,Education,47,7,9.35,5,83.1647322663627,0.134494212310155,62.8145445183113,132,12,6,0,94,Medium,38.62,Medium,124.515487748497,27.3363384188627,45.3273231622746
W0646,Village,Finance,25,21,8.83,1,63.4058231825898,0.381606178081209,51.544352878658,94,13,5,1,82,Low,30.15,Low,125.641259698768,42.4201734367869,15.1596531264263
W0647,City,Finance,56,20,10.17,4,98.9405460520389,0.0936342753398228,96.1474187958498,233,4,8,1,76,High,50.87,Low,125.641259698768,42.4201734367869,15.1596531264263
W0648,City,Retail,22,3,7.51,2,90.8674776780397,0.0337002791337259,82.5800835004652,218,9,12,0,94,High,45.33,Medium,124.515487748497,27.3363384188627,45.3273231622746
W0649,Town,Retail,45,22,7.43,5,62.837196907866,0.316323117067987,31.6483765506593,92,11,2,1,53,Low,26.26,Low,125.641259698768,42.4201734367869,15.1596531264263
W0650,Village,Finance,57,4,7.04,3,99.088240309688,0.00211723637353785,86.9602670752699,203,9,10,1,71,High,50.98,Medium,124.515487748497,27.3363384188627,45.3273231622746
W0651,Village,Finance,27,28,6.71,2,81.9583310688809,0.104809527564181,71.6339144879676,133,10,5,0,75,Medium,39.92,Low,125.641259698768,42.4201734367869,15.1596531264263
W0652,City,Finance,52,12,7.03,4,83.6526115077323,0.109464202177482,62.0492597469168,135,1,3,0,81,Medium,36.67,Low,125.641259698768,42.4201734367869,15.1596531264263
W0653,Town,Education,41,5,7.76,1,63.0978722749266,0.274212548153136,40.7878480338857,68,4,1,1,73,Low,27.17,Low,125.641259698768,42.4201734367869,15.1596531264263
W0654,Village,Finance,45,13,6.49,2,99.7857839485938,0.0965442220738711,88.3252199872015,196,6,0,0,95,High,47.92,Low,125.641259698768,42.4201734367869,15.1596531264263
W0655,Village,Healthcare,46,23,5.5,2,79.2362901372976,0.140317194724241,70.1126703356938,142,5,11,0,84,Medium,37.45,Medium,124.515487748497,27.3363384188627,45.3273231622746
W0656,Town,IT,57,30,7.69,5,68.6458023849347,0.39721235827505,39.7949236268346,113,2,11,0,86,Low,25.03,Medium,124.515487748497,27.3363384188627,45.3273231622746
W0657,Town,Finance,42,25,6.46,3,81.7550782793496,0.151165407070369,70.2903137931685,154,12,13,1,81,Medium,41.54,Medium,124.515487748497,27.3363384188627,45.3273231622746
W0658,Village,IT,51,27,3.61,3,93.1961812550807,0.0167621563840584,85.2576140397865,198,2,0,1,56,High,47.33,Medium,124.515487748497,27.3363384188627,45.3273231622746
W0659,Village,Education,45,14,8.16,1,63.9879858334506,0.253636038853358,48.125564170875,61,5,10,1,82,Low,29.31,Low,125.641259698768,42.4201734367869,15.1596531264263
W0660,Town,IT,51,16,6.17,4,91.7169399312849,0.0102534538112644,92.2518561655175,211,10,9,1,80,High,49.95,Medium,124.515487748497,27.3363384188627,45.3273231622746
W0661,Village,Education,43,22,8.29,1,73.4137191367146,0.251578906946455,58.7208520712845,75,16,2,1,61,Low,36.48,Low,125.641259698768,42.4201734367869,15.1596531264263
W0662,City,Healthcare,49,21,8.27,2,72.4693334624867,0.357779697718337,32.116081654845,72,9,3,1,60,Low,28.42,Low,125.641259698768,42.4201734367869,15.1596531264263
W0663,City,Education,28,21,7.84,2,91.4549144724783,0.0837330153933041,80.3112509251743,220,11,1,1,73,High,46.95,Medium,124.515487748497,27.3363384188627,45.3273231622746
W0664,Town,Education,56,8,10.5,3,84.54566244846,0.249025234059356,64.4143753725564,160,16,12,0,57,Medium,39.02,Low,125.641259698768,42.4201734367869,15.1596531264263
W0665,Town,Retail,49,16,7.33,4,66.1617877516486,0.268495870798214,44.1069517390404,116,3,11,1,81,Low,28.63,Low,125.641259698768,42.4201734367869,15.1596531264263
W0666,Town,Finance,35,31,7.16,5,61.66920008945,0.347363761080782,46.4477295494884,83,1,10,1,87,Low,26.55,Low,125.641259698768,42.4201734367869,15.1596531264263
W0667,City,Finance,31,10,8.32,4,93.0743253254784,0.02879786079325,98.3006484694217,184,10,10,0,71,High,49.37,Low,125.641259698768,42.4201734367869,15.1596531264263
W0668,Village,Healthcare,37,32,7.43,2,93.9759186931065,0.0624922469788456,95.5963735124629,239,6,13,0,83,High,47.99,Low,125.641259698768,42.4201734367869,15.1596531264263
W0669,City,Healthcare,37,34,8.89,5,72.4346593414986,0.378211919804609,54.5073674943296,80,1,10,0,68,Low,29.08,Medium,124.515487748497,27.3363384188627,45.3273231622746
W0670,Village,Finance,52,9,5.98,4,98.886932147848,0.0240227166395545,85.6043281398114,231,17,0,1,69,High,52.04,Medium,124.515487748497,27.3363384188627,45.3273231622746
W0671,City,Retail,46,17,6,4,81.8590445454281,0.180815887917267,64.895483436832,173,3,3,0,63,Medium,36.4,Medium,124.515487748497,27.3363384188627,45.3273231622746
W0672,Village,Finance,34,11,8.42,5,63.2450638866321,0.385209991184385,54.1835814133701,111,7,14,1,82,Low,29.4,Low,125.641259698768,42.4201734367869,15.1596531264263
W0673,City,Retail,27,32,6.1,2,98.1046961706959,0.0828059542732876,88.2312754380206,201,19,6,1,59,High,52.13,Low,125.641259698768,42.4201734367869,15.1596531264263
W0674,Town,Healthcare,30,10,8.23,4,72.8166763370566,0.268841905528045,42.1349569017706,60,13,9,1,65,Low,32.21,Low,125.641259698768,42.4201734367869,15.1596531264263
W0675,City,IT,57,22,7.94,5,81.2366875631668,0.231050909076965,68.7748542566516,170,11,10,0,53,Medium,38.09,Medium,124.515487748497,27.3363384188627,45.3273231622746
W0676,Village,Healthcare,41,17,6.67,2,78.1848724721669,0.171343092146239,68.0635295622222,170,17,5,0,76,Medium,38.83,Medium,124.515487748497,27.3363384188627,45.3273231622746
W0677,City,Healthcare,39,4,7.94,5,90.6483421878619,0.0762652558756141,88.5488384171312,219,10,5,1,77,High,48.23,Medium,124.515487748497,27.3363384188627,45.3273231622746
W0678,City,Education,42,25,6.02,5,94.3965573405916,0.0446286668474351,88.2184313938768,189,7,10,1,92,High,49,Medium,124.515487748497,27.3363384188627,45.3273231622746
W0679,City,Education,25,21,6.3,4,65.4305794053242,0.3063939864461,48.5614151109716,63,1,8,1,65,Low,28.5,Low,125.641259698768,42.4201734367869,15.1596531264263
W0680,Town,Education,54,1,7.22,2,62.0653336784829,0.264482571789662,30.3892645384837,84,14,13,0,82,Low,24.89,Medium,124.515487748497,27.3363384188627,45.3273231622746
W0681,City,Education,48,25,7.59,4,91.3623365154573,0.0630400926036,86.0245149612456,215,8,14,1,97,High,47.67,Low,125.641259698768,42.4201734367869,15.1596531264263
W0682,Town,Retail,28,17,7.14,1,69.5196996811107,0.262862657636666,43.3667024146701,111,18,1,0,68,Low,30.55,Low,125.641259698768,42.4201734367869,15.1596531264263
W0683,Town,Finance,27,24,8.02,1,97.1743445087825,0.0762653489911484,84.0292299158632,230,19,3,1,70,High,51.09,Low,125.641259698768,42.4201734367869,15.1596531264263
W0684,City,IT,36,2,7.97,2,70.031750956906,0.339689414022975,36.1421793688649,110,7,4,0,71,Low,26.29,Medium,124.515487748497,27.3363384188627,45.3273231622746
W0685,City,Healthcare,39,15,9.34,5,64.5004746912693,0.273944489987915,35.9503021684597,70,18,0,1,58,Low,29.43,Low,125.641259698768,42.4201734367869,15.1596531264263
W0686,City,Retail,53,32,7.39,4,69.0238841648455,0.359252925621484,43.8648135457284,111,4,7,0,58,Low,26.73,Medium,124.515487748497,27.3363384188627,45.3273231622746
W0687,Village,IT,32,6,8.93,4,73.6637636714943,0.299682072193468,33.4410153926913,61,10,7,0,58,Low,27.82,Medium,124.515487748497,27.3363384188627,45.3273231622746
W0688,City,Retail,41,1,8.6,2,98.9082675357427,0.0976490034044249,94.0042931769067,216,14,5,0,76,High,50.39,Low,125.641259698768,42.4201734367869,15.1596531264263
W0689,Town,Retail,45,23,10.25,2,91.6631170020908,0.0705380559647417,85.8315543351986,221,7,11,0,66,High,45.45,Medium,124.515487748497,27.3363384188627,45.3273231622746
W0690,City,Healthcare,36,17,7.35,1,85.1513442645671,0.244754743436488,64.9475498161564,141,18,4,0,93,Medium,39.75,Low,125.641259698768,42.4201734367869,15.1596531264263
W0691,Village,Finance,28,34,7,3,83.8335862281808,0.17094714720561,72.7701747418772,169,7,7,0,94,Medium,39.47,Medium,124.515487748497,27.3363384188627,45.3273231622746
W0692,City,Education,42,29,9.01,2,91.9373893302481,0.0261752869037024,90.2518185053459,216,18,2,1,57,High,51.06,Low,125.641259698768,42.4201734367869,15.1596531264263
W0693,Village,Finance,47,9,7.96,3,95.8913340315604,0.0647669356120826,89.0348350703088,239,17,2,1,65,High,51.43,Low,125.641259698768,42.4201734367869,15.1596531264263
W0694,Village,Healthcare,35,13,9.04,2,83.128676646753,0.215963521242567,66.3207867440762,120,9,1,1,67,Medium,39.89,Medium,124.515487748497,27.3363384188627,45.3273231622746
W0695,City,Healthcare,58,6,8.36,5,60.2368988085092,0.304743578150234,37.9375875980124,90,6,4,1,82,Low,25.85,Medium,124.515487748497,27.3363384188627,45.3273231622746
W0696,Town,Healthcare,42,6,4.97,5,66.6573713027667,0.297726281426306,37.7343994884792,90,8,2,0,50,Low,26.2,Medium,124.515487748497,27.3363384188627,45.3273231622746
W0697,Village,IT,39,20,7.95,1,91.2976223349626,0.0750061324144347,81.9845779216536,220,0,2,1,61,High,45.13,Medium,124.515487748497,27.3363384188627,45.3273231622746
W0698,City,Finance,26,3,7.87,1,75.2786207723611,0.204854112106314,64.8053243055695,172,18,14,0,55,Medium,37.17,Medium,124.515487748497,27.3363384188627,45.3273231622746
W0699,City,Finance,24,17,7.66,3,86.1021142277155,0.238365341650566,72.6591326014961,174,4,5,0,90,Medium,38.85,Medium,124.515487748497,27.3363384188627,45.3273231622746
W0700,Town,Retail,44,12,7.34,2,68.2303996870169,0.325209471789299,55.3281407667604,102,18,7,0,54,Low,31.93,Medium,124.515487748497,27.3363384188627,45.3273231622746
W0701,Village,Retail,47,1,5.59,4,78.7948818619651,0.145636946722988,69.7751132004896,164,0,1,1,65,Medium,38.21,Medium,124.515487748497,27.3363384188627,45.3273231622746
W0702,Village,Retail,58,17,8.55,1,88.1926829290905,0.223463129351032,60.7974817986266,156,14,3,0,67,Medium,39.25,Low,125.641259698768,42.4201734367869,15.1596531264263
W0703,City,Healthcare,45,3,7.95,4,65.5713427868187,0.29652208316362,43.0887650294688,87,15,10,1,98,Low,30.36,Low,125.641259698768,42.4201734367869,15.1596531264263
W0704,City,Finance,40,26,8.82,4,68.5620716367116,0.366864091507266,50.8519668249067,100,6,6,1,67,Low,30.31,Low,125.641259698768,42.4201734367869,15.1596531264263
W0705,Town,Healthcare,46,15,5.65,2,99.2223086983873,0.0480236713471027,92.4748449099908,221,11,0,1,50,High,52.07,Medium,124.515487748497,27.3363384188627,45.3273231622746
W0706,Town,IT,42,32,8.11,3,96.0372671753513,0.0800410862493678,91.6998349740384,237,7,0,1,68,High,49.85,Low,125.641259698768,42.4201734367869,15.1596531264263
W0707,Village,Retail,33,32,7.22,2,80.2462343155007,0.238829398247034,75.7496679326672,132,4,11,1,57,Medium,39.69,Low,125.641259698768,42.4201734367869,15.1596531264263
W0708,Village,Healthcare,54,4,7.67,1,73.8800436818132,0.356982850761566,34.7568912123223,111,9,12,0,52,Low,27.39,Low,125.641259698768,42.4201734367869,15.1596531264263
W0709,City,Healthcare,25,18,7.23,4,96.1909309527112,0.0143691607261734,90.447465279336,185,4,9,0,74,High,47.68,Medium,124.515487748497,27.3363384188627,45.3273231622746
W0710,Village,IT,28,19,8.15,2,87.3636716934469,0.186556279298504,66.7263731226082,172,16,6,1,54,Medium,42.96,Medium,124.515487748497,27.3363384188627,45.3273231622746
W0711,Town,Education,43,14,7.3,2,88.6957728039858,0.231115569409932,66.8223448018199,141,4,13,0,89,Medium,38.52,Low,125.641259698768,42.4201734367869,15.1596531264263
W0712,Town,Finance,54,33,6.24,2,78.5138107973245,0.210772595827916,75.3155611425036,122,14,6,1,68,Medium,41.36,Medium,124.515487748497,27.3363384188627,45.3273231622746
W0713,City,Education,38,14,7.6,1,93.6798507718679,0.00776318852497952,94.26923896733,220,12,0,0,67,High,49.37,Low,125.641259698768,42.4201734367869,15.1596531264263
W0714,Town,Retail,45,34,7.24,3,72.7124882687001,0.285353067149606,56.3394980856349,85,0,0,0,99,Low,30.26,Medium,124.515487748497,27.3363384188627,45.3273231622746
W0715,Town,Healthcare,55,4,7.4,2,94.1738712770055,0.029754676134333,98.2540202071422,227,10,3,0,80,High,49.7,Low,125.641259698768,42.4201734367869,15.1596531264263
W0716,Town,IT,49,24,3.67,1,60.7496251124975,0.356390801750472,45.4312228812731,93,0,4,0,82,Low,23.79,Medium,124.515487748497,27.3363384188627,45.3273231622746
W0717,Town,IT,43,29,8.32,4,67.7657115990588,0.262050529985423,52.9148252199104,72,10,4,0,96,Low,30.32,Medium,124.515487748497,27.3363384188627,45.3273231622746
W0718,City,Finance,38,19,7.12,5,95.5284179598477,0.0253245363040251,99.1124275956271,228,17,3,0,67,High,51.72,Medium,124.515487748497,27.3363384188627,45.3273231622746
W0719,City,Education,55,6,5.88,1,97.8654893636501,0.097387776704364,81.1925104877454,180,17,7,0,88,High,48.1,Low,125.641259698768,42.4201734367869,15.1596531264263
W0720,Village,Finance,27,33,8.61,5,78.2582233861808,0.173702363540318,76.5768449419123,149,15,6,0,65,Medium,40.12,Low,125.641259698768,42.4201734367869,15.1596531264263
W0721,Town,Healthcare,27,19,8.26,2,68.5882366159519,0.303070424596596,39.6748318383528,78,12,8,0,65,Low,27.91,Medium,124.515487748497,27.3363384188627,45.3273231622746
W0722,Village,Finance,55,1,7.11,2,77.3297999803532,0.217955107894255,64.7510784116929,125,6,6,0,96,Medium,35.22,Medium,124.515487748497,27.3363384188627,45.3273231622746
W0723,City,IT,22,5,6.12,1,70.9272880621745,0.293021893716023,41.6709090148642,117,0,14,0,87,Low,26.73,Medium,124.515487748497,27.3363384188627,45.3273231622746
W0724,City,IT,31,27,7.71,5,95.6564488238479,0.0142061609443062,94.0959167226437,228,15,9,0,90,High,50.47,Medium,124.515487748497,27.3363384188627,45.3273231622746
W0725,City,Retail,42,16,7.65,2,66.0845071541416,0.323213839039746,56.8952622580001,73,0,0,0,56,Low,28,Medium,124.515487748497,27.3363384188627,45.3273231622746
W0726,City,Retail,26,6,8.61,4,94.9208170538842,0.0531360831695267,84.0250072910234,199,16,12,1,63,High,50.03,Low,125.641259698768,42.4201734367869,15.1596531264263
W0727,City,Healthcare,23,13,6.97,3,76.4963672512184,0.223166579161227,68.2745955216119,122,5,13,0,92,Medium,35.42,Low,125.641259698768,42.4201734367869,15.1596531264263
W0728,City,Education,43,19,8.93,3,68.7167643830669,0.347913963396419,52.3124775283833,97,1,6,0,97,Low,27.84,Medium,124.515487748497,27.3363384188627,45.3273231622746
W0729,City,Finance,23,12,6.85,2,96.3377903954325,0.0880131353433642,97.7550701882797,218,16,0,0,74,High,50.86,Low,125.641259698768,42.4201734367869,15.1596531264263
W0730,Town,Healthcare,31,16,5.89,5,97.7744562825341,0.0383080281333185,86.6076186865928,189,5,6,0,81,High,47.35,Medium,124.515487748497,27.3363384188627,45.3273231622746
W0731,Village,Retail,55,10,6.14,2,71.459596118677,0.304937950899771,47.4449066850115,80,13,9,0,87,Low,30.51,Low,125.641259698768,42.4201734367869,15.1596531264263
W0732,City,Finance,37,25,7.43,5,65.1103542565435,0.385671089092193,44.5936220161974,74,17,7,0,71,Low,28.03,Low,125.641259698768,42.4201734367869,15.1596531264263
W0733,Town,Retail,43,20,7.42,4,91.3121548293169,0.0591509532134983,92.6599888769386,181,5,10,1,65,High,48.41,Low,125.641259698768,42.4201734367869,15.1596531264263
W0734,Town,Finance,33,31,7.89,5,82.1829719200881,0.22210251032799,74.7603462110673,136,9,8,1,78,Medium,41.24,Low,125.641259698768,42.4201734367869,15.1596531264263
W0735,Village,Education,45,4,7.39,2,86.9712412946845,0.19872437147895,68.2540419279009,162,17,11,1,65,Medium,43.22,Low,125.641259698768,42.4201734367869,15.1596531264263
W0736,City,Healthcare,59,23,8.67,4,98.9344346537627,0.0194152696618549,82.6091127310279,200,8,2,0,61,High,47.69,Medium,124.515487748497,27.3363384188627,45.3273231622746
W0737,Village,Finance,31,2,7.19,1,79.3335878860692,0.185366047054421,64.6738594013538,158,7,14,0,66,Medium,36.35,Medium,124.515487748497,27.3363384188627,45.3273231622746
W0738,City,IT,56,22,5.1,3,67.5836155364722,0.34696026049987,45.8155227118756,111,9,3,0,86,Low,27.81,Low,125.641259698768,42.4201734367869,15.1596531264263
W0739,Town,IT,53,8,7.35,2,98.4750062037634,0.0333039235363394,87.9992424916788,219,16,3,1,76,High,52.1,Medium,124.515487748497,27.3363384188627,45.3273231622746
W0740,Town,Finance,28,7,5.09,2,95.0263980497554,0.0491811322322456,83.4357821895553,223,5,11,0,74,High,45.8,Low,125.641259698768,42.4201734367869,15.1596531264263
W0741,Town,Finance,42,14,7.83,2,96.086842206035,0.0399401658741134,92.9001963098314,190,13,8,0,62,High,49.69,Low,125.641259698768,42.4201734367869,15.1596531264263
W0742,Town,Finance,41,3,8.77,4,77.1435882408108,0.140390563645781,71.2212034970331,137,5,12,1,57,Medium,39.04,Low,125.641259698768,42.4201734367869,15.1596531264263
W0743,Village,IT,47,16,6.32,1,77.4745961439285,0.22974909595443,70.695096700779,132,6,6,1,54,Medium,38.34,Medium,124.515487748497,27.3363384188627,45.3273231622746
W0744,City,IT,25,19,9.2,5,78.3224478588545,0.143299945401319,77.8217694437305,155,11,2,0,61,Medium,39.89,Low,125.641259698768,42.4201734367869,15.1596531264263
W0745,City,Finance,43,18,8.51,1,67.7537640912023,0.307418924661986,34.5609324882154,95,2,9,0,90,Low,24.6,Low,125.641259698768,42.4201734367869,15.1596531264263
W0746,Village,Retail,36,16,8.95,4,67.8302262090756,0.278111693197567,42.9985708811385,95,13,4,0,52,Low,28.81,Low,125.641259698768,42.4201734367869,15.1596531264263
W0747,City,Retail,42,8,7.73,2,70.4403364105767,0.280790751182599,38.4942666543501,88,18,6,0,84,Low,29.66,Low,125.641259698768,42.4201734367869,15.1596531264263
W0748,Town,Education,36,33,6.31,3,64.530532572077,0.375798573173869,33.0037204169874,64,15,7,1,82,Low,27.23,Medium,124.515487748497,27.3363384188627,45.3273231622746
W0749,City,Healthcare,43,12,8.44,2,92.9662086183392,0.0889446758351677,99.9872986438536,193,6,0,0,71,High,48.28,Low,125.641259698768,42.4201734367869,15.1596531264263
W0750,Town,Retail,49,11,6.75,5,66.6071231205741,0.386183590061925,40.5324866866346,83,7,11,0,99,Low,25.66,Medium,124.515487748497,27.3363384188627,45.3273231622746
W0751,Village,IT,35,5,7.64,3,93.8865600154351,0.0432967546999054,82.8827132797879,195,17,1,1,93,High,49.79,Medium,124.515487748497,27.3363384188627,45.3273231622746
W0752,City,Retail,48,27,7.29,2,73.0348264324208,0.343515720054117,39.9657719449166,115,12,6,0,58,Low,28.92,Medium,124.515487748497,27.3363384188627,45.3273231622746
W0753,Village,Education,49,12,8.85,3,63.7331866898551,0.357414022373494,41.4334888293766,115,8,10,0,90,Low,25.48,Low,125.641259698768,42.4201734367869,15.1596531264263
W0754,City,Education,47,17,8.38,1,73.2305245150905,0.257240783043697,30.029646688239,71,9,14,1,67,Low,29.23,Low,125.641259698768,42.4201734367869,15.1596531264263
W0755,Town,Healthcare,23,6,7.4,4,73.3348782060806,0.375245432422178,56.1841293237378,89,8,12,1,99,Low,33.12,Low,125.641259698768,42.4201734367869,15.1596531264263
W0756,Village,Retail,46,33,5.16,2,79.0563264074045,0.140426593182745,62.7522037180966,157,14,13,0,78,Medium,37.73,Medium,124.515487748497,27.3363384188627,45.3273231622746
W0757,City,IT,24,5,6.74,5,75.2833072569593,0.1785989751197,69.5960982051378,133,19,12,1,88,Medium,40.57,Medium,124.515487748497,27.3363384188627,45.3273231622746
W0758,Town,IT,29,28,8.35,1,75.2868886562916,0.102521091973171,69.8840410863798,122,1,14,1,76,Medium,37.79,Low,125.641259698768,42.4201734367869,15.1596531264263
W0759,Village,Finance,54,14,7.84,2,65.1643553017825,0.313593426919489,40.4554546176978,66,12,1,0,85,Low,26.93,Medium,124.515487748497,27.3363384188627,45.3273231622746
W0760,Village,IT,56,5,5.7,1,90.5208790692715,0.043604158291295,92.4629473467191,225,1,6,1,94,High,47.51,Low,125.641259698768,42.4201734367869,15.1596531264263
W0761,City,Healthcare,27,33,5.33,5,86.282994147815,0.119831728423045,73.5643770975891,178,18,14,0,66,Medium,43.07,Medium,124.515487748497,27.3363384188627,45.3273231622746
W0762,City,Healthcare,44,19,7.73,2,87.7448488483212,0.149011159371606,69.4758769367467,167,1,8,0,83,Medium,39,Low,125.641259698768,42.4201734367869,15.1596531264263
W0763,City,IT,46,22,6.23,5,64.9761135301434,0.28772695595146,50.1454801583118,88,2,10,0,95,Low,27.08,Medium,124.515487748497,27.3363384188627,45.3273231622746
W0764,Town,IT,40,5,6.35,3,94.1469811830513,0.00823421630967217,92.1305173410107,235,5,1,0,52,High,47.69,Medium,124.515487748497,27.3363384188627,45.3273231622746
W0765,City,Finance,26,2,8.31,5,90.099597412043,0.0937112493921472,92.5523974796541,205,2,6,1,54,High,47.09,Medium,124.515487748497,27.3363384188627,45.3273231622746
W0766,Village,IT,32,30,8.94,3,76.9763244647584,0.103836847479275,75.1374646833089,135,9,3,0,63,Medium,38.94,Medium,124.515487748497,27.3363384188627,45.3273231622746
W0767,Village,Finance,33,4,6.6,2,91.3772830151714,0.0612166220723146,83.330911771876,213,5,10,0,52,High,44.56,Medium,124.515487748497,27.3363384188627,45.3273231622746
W0768,City,Finance,31,33,7.45,3,83.2616299128226,0.144706254752037,60.6662340313557,168,15,12,0,72,Medium,38.73,Medium,124.515487748497,27.3363384188627,45.3273231622746
W0769,City,IT,29,13,7.41,2,63.0130890337293,0.259889333403622,45.4228818135134,106,16,1,0,88,Low,28.63,Medium,124.515487748497,27.3363384188627,45.3273231622746
W0770,Village,Education,45,20,7.3,2,97.9630018596766,0.0431732823842849,89.0599620165993,234,18,12,1,79,High,52.47,Medium,124.515487748497,27.3363384188627,45.3273231622746
W0771,Town,Education,49,7,7.55,4,68.9538693724755,0.260079635612856,37.3414116391989,84,2,6,1,99,Low,27.99,Low,125.641259698768,42.4201734367869,15.1596531264263
W0772,City,Finance,57,15,8.41,2,67.7848026926805,0.299046643486411,42.8322480963731,98,17,12,1,94,Low,31.35,Low,125.641259698768,42.4201734367869,15.1596531264263
W0773,City,IT,58,23,6.69,3,93.3011179785524,0.0322297473402909,91.1560536241829,185,6,4,0,72,High,47.18,Medium,124.515487748497,27.3363384188627,45.3273231622746
W0774,Village,Education,42,14,5.67,4,97.397963719361,0.070593661771162,90.6837978361724,185,8,0,1,76,High,50.33,Low,125.641259698768,42.4201734367869,15.1596531264263
W0775,City,IT,29,23,9.53,4,99.9212647135228,0.00896137239953226,82.5312427301352,209,19,4,1,59,High,52.28,Low,125.641259698768,42.4201734367869,15.1596531264263
W0776,Town,IT,30,19,8.81,2,97.6424562085238,0.0582553837041994,81.4201356044518,232,11,11,0,74,High,47.29,Medium,124.515487748497,27.3363384188627,45.3273231622746
W0777,Village,IT,36,29,6.18,5,87.1458020242375,0.106469168232824,70.9050580368719,159,4,11,1,62,Medium,42.13,Low,125.641259698768,42.4201734367869,15.1596531264263
W0778,City,Retail,39,20,7.66,5,73.343555193947,0.258120161260348,47.3088489627502,80,2,2,0,65,Low,29.32,Low,125.641259698768,42.4201734367869,15.1596531264263
W0779,Village,IT,41,29,8.71,4,93.3063295485954,0.0090318560299073,91.2530823934262,216,10,6,1,90,High,50.24,Medium,124.515487748497,27.3363384188627,45.3273231622746
W0780,City,Retail,27,24,8.4,2,86.473250861941,0.223795234351407,61.2617979870819,168,3,5,1,83,Medium,38.63,Medium,124.515487748497,27.3363384188627,45.3273231622746
W0781,City,Finance,33,18,8.05,5,97.6727830105365,0.0905373188262427,88.1894148377756,200,4,7,1,86,High,48.92,Low,125.641259698768,42.4201734367869,15.1596531264263
W0782,City,Education,23,10,7.3,2,87.1160116711576,0.144475235653591,63.0263777096397,165,0,12,1,71,Medium,39.36,Low,125.641259698768,42.4201734367869,15.1596531264263
W0783,Town,Education,28,8,9.57,2,94.0189870795597,0.0575719305331204,91.667724646555,218,17,4,0,66,High,49.45,Low,125.641259698768,42.4201734367869,15.1596531264263
W0784,Town,Education,37,26,7.77,4,76.0227248753493,0.156729202462162,73.4905576058294,152,11,1,0,72,Medium,38.2,Low,125.641259698768,42.4201734367869,15.1596531264263
W0785,Village,Education,24,29,6.88,4,79.3367041645926,0.245694619045989,62.2393420649156,154,12,8,1,85,Medium,38.26,Low,125.641259698768,42.4201734367869,15.1596531264263
W0786,City,Education,24,10,8.55,1,91.9038327106097,0.0940946193270655,90.4229781101018,220,8,13,0,98,High,46.41,Low,125.641259698768,42.4201734367869,15.1596531264263
W0787,City,Education,48,17,7.62,5,69.8715840529459,0.377544810485769,42.5880613726634,81,1,10,1,58,Low,27.94,Medium,124.515487748497,27.3363384188627,45.3273231622746
W0788,Town,Education,59,2,7.92,5,83.2641870045784,0.194501070316979,76.0629648323146,157,4,7,1,51,Medium,41.11,Medium,124.515487748497,27.3363384188627,45.3273231622746
W0789,City,Finance,54,6,7.74,5,62.6878873032311,0.283731263770854,37.8747982913847,102,12,5,1,81,Low,27.99,Medium,124.515487748497,27.3363384188627,45.3273231622746
W0790,Town,IT,49,5,8.1,3,73.6707588668122,0.385275747466251,33.6937890449675,79,15,12,1,99,Low,30.02,Medium,124.515487748497,27.3363384188627,45.3273231622746
W0791,City,Healthcare,22,28,6.33,2,62.5721967647801,0.306827119727583,55.9371092147838,61,15,9,1,71,Low,31.92,Low,125.641259698768,42.4201734367869,15.1596531264263
W0792,Village,Retail,29,5,5.76,4,67.7537051550311,0.32946623728852,39.3303738658901,76,2,6,1,92,Low,27.33,Medium,124.515487748497,27.3363384188627,45.3273231622746
W0793,City,Healthcare,58,18,9.22,5,64.4943013678426,0.283742506581555,55.4571328688136,89,3,8,0,62,Low,28.24,Low,125.641259698768,42.4201734367869,15.1596531264263
W0794,City,Healthcare,53,26,7.8,1,97.7676827135007,0.062584666605061,88.1828757583525,236,10,6,0,57,High,48.44,Medium,124.515487748497,27.3363384188627,45.3273231622746
W0795,Town,IT,58,20,8.43,5,81.937779665263,0.102681029625447,66.3597310513784,149,13,2,1,50,Medium,41.49,Low,125.641259698768,42.4201734367869,15.1596531264263
W0796,City,IT,25,27,5.39,2,96.0956853389846,0.0091066182082181,89.4783952182239,224,2,5,0,66,High,47.13,Low,125.641259698768,42.4201734367869,15.1596531264263
W0797,City,IT,51,12,8.78,2,77.9488441118402,0.242326875770059,66.3752779015442,169,15,10,1,61,Medium,39.31,Low,125.641259698768,42.4201734367869,15.1596531264263
W0798,Town,Education,27,7,6.87,4,94.0375661047835,0.020774927301219,92.9749387447331,193,14,12,0,53,High,49.48,Medium,124.515487748497,27.3363384188627,45.3273231622746
W0799,Village,Finance,40,3,6.53,3,60.3383849298691,0.295951686280322,49.3195958477265,106,9,10,0,62,Low,26.85,Medium,124.515487748497,27.3363384188627,45.3273231622746
W0800,Village,Education,53,10,7.42,4,85.5262674211687,0.12100968390384,66.6172176919006,162,8,6,0,80,Medium,39.44,Medium,124.515487748497,27.3363384188627,45.3273231622746
W0801,Town,Finance,30,34,6.33,5,71.2141154047708,0.309581095646035,36.1532310944393,111,10,1,1,90,Low,29.55,Low,125.641259698768,42.4201734367869,15.1596531264263
W0802,Town,Finance,33,25,7.5,1,61.8833568920486,0.27591844778237,40.3715759380784,98,15,2,0,56,Low,26.92,Low,125.641259698768,42.4201734367869,15.1596531264263
W0803,Town,Healthcare,32,16,7.34,4,61.5369613513857,0.335954194034758,30.6895243667547,66,9,3,1,72,Low,25.07,Medium,124.515487748497,27.3363384188627,45.3273231622746
W0804,Town,Healthcare,37,2,8.77,3,96.5360295253523,0.0838159201401087,90.5040440046159,191,16,9,1,73,High,51.5,Medium,124.515487748497,27.3363384188627,45.3273231622746
W0805,Town,Finance,22,24,9.32,4,67.3456377693087,0.333262390215648,51.5312693621932,96,18,5,1,54,Low,32.82,Low,125.641259698768,42.4201734367869,15.1596531264263
W0806,Village,Finance,42,10,9.28,2,93.0436778342955,0.0682493033737149,96.9513809620499,236,1,0,0,54,High,46.92,Low,125.641259698768,42.4201734367869,15.1596531264263
W0807,Village,Education,51,22,4.78,5,81.2152294445741,0.213264095094722,74.2654162461144,166,1,8,0,66,Medium,37.35,Low,125.641259698768,42.4201734367869,15.1596531264263
W0808,Town,Education,34,26,6.38,5,62.3506447524293,0.312930946679007,44.066604597723,116,5,4,0,79,Low,25.44,Low,125.641259698768,42.4201734367869,15.1596531264263
W0809,City,Healthcare,55,27,4.77,5,73.2316451027957,0.282168734398624,32.1506140674469,100,18,12,1,58,Low,31.22,Low,125.641259698768,42.4201734367869,15.1596531264263
W0810,Town,IT,25,29,6.07,5,66.5840386738445,0.318821043140355,58.5256333999516,118,7,11,1,55,Low,31.94,Low,125.641259698768,42.4201734367869,15.1596531264263
W0811,City,Finance,49,20,6.72,5,88.1136309733401,0.224042353762617,76.0441003292817,126,2,13,0,74,Medium,39.85,Low,125.641259698768,42.4201734367869,15.1596531264263
W0812,Town,Education,59,27,7.99,5,66.9541335653745,0.340002171622095,35.2437358910695,74,13,6,1,68,Low,28.37,Low,125.641259698768,42.4201734367869,15.1596531264263
W0813,Town,Healthcare,52,20,6.88,1,67.5434711414954,0.316917146068778,46.3797311048457,85,15,8,0,65,Low,29.41,Low,125.641259698768,42.4201734367869,15.1596531264263
W0814,Village,Education,48,19,6.91,3,70.0073496898379,0.359536624940539,44.861766419466,107,0,8,0,70,Low,26.42,Low,125.641259698768,42.4201734367869,15.1596531264263
W0815,City,Finance,26,20,7.72,5,68.2452110791029,0.270878170413698,30.0982475914965,115,2,0,0,51,Low,24.23,Medium,124.515487748497,27.3363384188627,45.3273231622746
W0816,City,Finance,46,2,5.45,3,60.9765981723681,0.312020989618295,43.3915665176342,68,17,14,0,59,Low,27.28,Low,125.641259698768,42.4201734367869,15.1596531264263
W0817,Village,Retail,24,30,6.49,5,92.1502256935618,0.0204593614291776,83.6301592324299,222,8,0,1,65,High,47.86,Medium,124.515487748497,27.3363384188627,45.3273231622746
W0818,Village,IT,54,34,6.9,4,70.4799060583508,0.315568641061002,50.4532250971401,103,5,2,0,86,Low,29.12,Low,125.641259698768,42.4201734367869,15.1596531264263
W0819,Village,Retail,25,22,7.26,5,62.6347997435181,0.292791699541132,43.8018742235839,118,0,5,0,64,Low,24.67,Medium,124.515487748497,27.3363384188627,45.3273231622746
W0820,Village,Healthcare,46,3,7.59,2,93.5287735050433,0.0143060682204708,98.4926735519541,227,9,1,0,62,High,49.51,Medium,124.515487748497,27.3363384188627,45.3273231622746
W0821,City,Education,41,6,9.3,1,79.1698628770403,0.168387390553317,61.3529276332834,137,5,9,0,62,Medium,35.39,Low,125.641259698768,42.4201734367869,15.1596531264263
W0822,City,Healthcare,55,15,8.59,4,93.0856649758892,0.0991893483142645,80.772332112245,181,11,11,0,81,High,45.36,Medium,124.515487748497,27.3363384188627,45.3273231622746
W0823,Town,Finance,47,27,6.58,4,88.3713797863196,0.128952247810855,76.7720994479345,172,3,10,0,94,Medium,41.25,Medium,124.515487748497,27.3363384188627,45.3273231622746
W0824,Town,Retail,26,10,7.19,2,76.0003193285319,0.104869021264341,74.146580284987,165,12,0,0,96,Medium,39.05,Low,125.641259698768,42.4201734367869,15.1596531264263
W0825,Village,Retail,56,9,7.1,5,65.189949198529,0.277655235702954,42.84920205507,60,16,0,1,95,Low,30.58,Low,125.641259698768,42.4201734367869,15.1596531264263
W0826,Village,Retail,49,33,6.88,1,78.6914564203369,0.109750823411621,67.0087027415262,138,7,12,1,57,Medium,39.37,Medium,124.515487748497,27.3363384188627,45.3273231622746
W0827,Village,Healthcare,50,32,7.83,4,83.7704939735568,0.180711931431108,72.5815318285249,159,19,4,1,92,Medium,43.71,Medium,124.515487748497,27.3363384188627,45.3273231622746
W0828,Town,Finance,30,6,5.27,1,96.5937518741949,0.0316747183257435,94.9950575739408,229,2,3,1,67,High,50.16,Low,125.641259698768,42.4201734367869,15.1596531264263
W0829,Town,Education,59,2,8.56,4,85.6690031481562,0.245877172323961,60.7135653250636,133,11,0,0,85,Medium,37.64,Medium,124.515487748497,27.3363384188627,45.3273231622746
W0830,Town,Education,27,29,9.53,5,73.3025299514526,0.336772353959629,40.6073740499276,77,6,3,1,75,Low,29.98,Low,125.641259698768,42.4201734367869,15.1596531264263
W0831,Town,Healthcare,40,4,7.18,4,69.502863769286,0.284663338320185,44.7610999189959,69,11,2,1,59,Low,31.19,Medium,124.515487748497,27.3363384188627,45.3273231622746
W0832,Town,Retail,32,1,7.15,4,63.7498288878248,0.377688677304941,34.8006830498695,86,1,1,1,80,Low,24.54,Medium,124.515487748497,27.3363384188627,45.3273231622746
W0833,Town,IT,23,19,7.69,3,66.3803013961188,0.276556216158986,48.3860222550637,68,13,8,0,82,Low,29.45,Medium,124.515487748497,27.3363384188627,45.3273231622746
W0834,Town,Healthcare,30,26,8.72,5,75.350212126472,0.190581698443613,62.7610126703959,169,4,13,1,78,Medium,36.12,Low,125.641259698768,42.4201734367869,15.1596531264263
W0835,Village,Healthcare,42,25,7.11,2,93.6420222264952,0.0209931831673484,95.5230372821125,190,8,14,1,54,High,50.67,Low,125.641259698768,42.4201734367869,15.1596531264263
W0836,Village,Finance,45,10,8.62,2,91.4511073548161,0.0492078186535646,87.8788852938117,206,10,10,0,62,High,46.6,Medium,124.515487748497,27.3363384188627,45.3273231622746
W0837,Village,Education,55,15,8.09,5,97.771611962056,0.0228987185300312,90.532845270504,208,4,0,1,50,High,50.1,Medium,124.515487748497,27.3363384188627,45.3273231622746
W0838,Village,Healthcare,43,22,10.33,2,69.1906012454223,0.252768583830992,54.1247538489452,107,2,6,0,72,Low,29.5,Medium,124.515487748497,27.3363384188627,45.3273231622746
W0839,Town,Healthcare,24,21,7.11,5,94.5107607182486,0.00153662507347233,88.5288761142861,189,16,13,1,89,High,51.32,Low,125.641259698768,42.4201734367869,15.1596531264263
W0840,City,Retail,33,22,5.13,2,82.8087066273729,0.197700415870031,62.9274389169886,149,1,12,0,52,Medium,35.71,Low,125.641259698768,42.4201734367869,15.1596531264263
W0841,Town,Retail,49,34,5.78,3,75.4284769487167,0.142496700306077,69.4740366223653,140,0,3,1,52,Medium,37.16,Medium,124.515487748497,27.3363384188627,45.3273231622746
W0842,City,IT,51,30,7.51,2,97.0989543338145,0.00478655989061071,88.1572005118183,219,6,4,1,56,High,50,Low,125.641259698768,42.4201734367869,15.1596531264263
W0843,Village,Finance,47,25,8.73,4,70.3564992634668,0.287830007592537,37.5550059176431,76,13,9,1,85,Low,30.37,Medium,124.515487748497,27.3363384188627,45.3273231622746
W0844,Town,IT,42,28,6.72,5,68.2258648100972,0.303032328130651,43.9910926410524,118,4,4,0,84,Low,27.08,Medium,124.515487748497,27.3363384188627,45.3273231622746
W0845,Village,Retail,49,1,7.22,1,88.9948987559562,0.174360069295369,74.6571697908658,150,18,0,1,64,Medium,45.55,Medium,124.515487748497,27.3363384188627,45.3273231622746
W0846,Town,Education,47,4,8.32,1,77.8318245443884,0.132090067420157,60.1102716080159,134,10,5,0,89,Medium,36.11,Medium,124.515487748497,27.3363384188627,45.3273231622746
W0847,Village,Retail,54,7,6.34,5,86.2889739311103,0.12462216108385,68.4076801452554,165,1,12,0,52,Medium,38.59,Low,125.641259698768,42.4201734367869,15.1596531264263
W0848,City,Finance,42,9,6.77,3,88.4266159561997,0.175360419022019,77.4225962313516,130,7,8,0,78,Medium,41.71,Medium,124.515487748497,27.3363384188627,45.3273231622746
W0849,City,Retail,56,19,6.1,2,65.0504684307729,0.350399676805411,48.3452047808449,68,8,1,0,79,Low,27.31,Medium,124.515487748497,27.3363384188627,45.3273231622746
W0850,City,Finance,55,1,8.91,3,90.0881483329447,0.0716127640476738,86.8887657685702,188,2,6,1,88,High,46.17,Low,125.641259698768,42.4201734367869,15.1596531264263
W0851,Town,Finance,39,10,9.35,1,79.7451070791184,0.222900062844829,62.483266821218,172,1,5,1,67,Medium,36.46,Low,125.641259698768,42.4201734367869,15.1596531264263
W0852,City,Finance,32,9,5.6,5,62.7465284971317,0.350718704695054,37.3205046289592,105,6,4,1,60,Low,26.02,Medium,124.515487748497,27.3363384188627,45.3273231622746
W0853,Town,Finance,44,32,7.33,5,69.7889214855233,0.346719040369112,41.9134686088559,91,4,3,0,92,Low,26.69,Medium,124.515487748497,27.3363384188627,45.3273231622746
W0854,City,Finance,43,32,9.19,3,90.6679707726217,0.0942343507671358,99.7263368454403,213,4,3,1,98,High,49.09,Low,125.641259698768,42.4201734367869,15.1596531264263
W0855,City,Education,38,6,7.98,3,60.894758493288,0.274899169101269,38.7276160159361,62,19,5,0,87,Low,27.09,Low,125.641259698768,42.4201734367869,15.1596531264263
W0856,Town,IT,26,17,6.91,2,95.9592681211674,0.0644365700492567,95.1501964563701,214,12,3,0,89,High,49.66,Low,125.641259698768,42.4201734367869,15.1596531264263
W0857,Town,Healthcare,32,10,5.64,4,92.5615088517375,0.0254609329295306,98.9772769178959,211,19,4,0,50,High,51.2,Low,125.641259698768,42.4201734367869,15.1596531264263
W0858,City,IT,51,27,8.88,4,87.4562946869628,0.205045953082571,63.8322992899895,139,5,12,1,78,Medium,40.01,Low,125.641259698768,42.4201734367869,15.1596531264263
W0859,Town,Finance,36,21,7.93,2,84.3305827447519,0.1202080667636,67.7518381859222,139,19,5,1,59,Medium,43.51,Low,125.641259698768,42.4201734367869,15.1596531264263
W0860,City,Education,48,25,5.73,4,76.8000816511563,0.204619190084009,69.6183896857267,123,17,4,0,77,Medium,38.37,Low,125.641259698768,42.4201734367869,15.1596531264263
W0861,Town,Retail,56,28,8.93,1,79.8022166710084,0.127637421174165,62.0225041878291,138,1,6,1,80,Medium,37.33,Low,125.641259698768,42.4201734367869,15.1596531264263
W0862,Village,Education,54,15,5.58,4,63.2051927059522,0.268243433602014,40.5383819035317,112,5,8,1,68,Low,27.43,Low,125.641259698768,42.4201734367869,15.1596531264263
W0863,Village,Finance,41,4,7.24,2,95.4895174135783,0.0796656734991143,80.8753169439664,186,8,9,0,52,High,45.7,Low,125.641259698768,42.4201734367869,15.1596531264263
W0864,Village,Education,37,29,7.18,4,98.899310558901,0.0650878837495777,89.504930531744,213,2,6,0,85,High,47.41,Medium,124.515487748497,27.3363384188627,45.3273231622746
W0865,Village,Education,55,9,9.44,5,65.6236679598626,0.369861012922929,45.1582206745127,64,0,6,1,92,Low,27.05,Low,125.641259698768,42.4201734367869,15.1596531264263
W0866,Village,Finance,23,27,7.19,3,76.8033830326818,0.228297169654441,71.1608881120607,169,0,3,0,64,Medium,35.06,Low,125.641259698768,42.4201734367869,15.1596531264263
W0867,City,Education,56,26,7.18,1,96.7504662228992,0.0979103394252273,94.239059761311,220,18,0,0,82,High,50.59,Low,125.641259698768,42.4201734367869,15.1596531264263
W0868,Village,Healthcare,49,19,5.86,5,98.5732782353355,0.0104472985815936,88.9859164179251,208,4,13,1,90,High,50.15,Medium,124.515487748497,27.3363384188627,45.3273231622746
W0869,Village,Healthcare,27,28,6.73,5,95.5679838437317,0.07087285799049,82.6886216567147,194,12,7,1,92,High,48.98,Medium,124.515487748497,27.3363384188627,45.3273231622746
W0870,Village,Education,30,17,6.52,2,82.7947620785649,0.161688278186549,68.746407400452,131,18,3,0,94,Medium,40.63,Medium,124.515487748497,27.3363384188627,45.3273231622746
W0871,Village,Retail,41,20,6.58,3,91.081459423372,0.0506501201036925,81.7162154341888,236,11,0,1,75,High,47.46,Medium,124.515487748497,27.3363384188627,45.3273231622746
W0872,Town,Finance,22,23,7.51,3,62.7480208020031,0.280758264012825,48.72702757439,115,15,4,0,65,Low,28.81,Medium,124.515487748497,27.3363384188627,45.3273231622746
W0873,City,Healthcare,29,32,4.58,1,65.160689134976,0.259876324676298,48.0428408010346,76,18,13,0,85,Low,30.19,Medium,124.515487748497,27.3363384188627,45.3273231622746
W0874,Village,Retail,44,33,5.69,2,73.863718956205,0.361650526423255,51.4480082006692,62,2,13,1,82,Low,31.26,Medium,124.515487748497,27.3363384188627,45.3273231622746
W0875,Village,Education,24,5,7.37,1,94.4972541059211,0.0543762455918656,82.0046375635257,183,11,7,0,69,High,46.48,Medium,124.515487748497,27.3363384188627,45.3273231622746
W0876,Village,Retail,25,34,7.65,4,90.8142768870694,0.0435840368872726,91.11680975367,217,4,3,0,62,High,45.92,Low,125.641259698768,42.4201734367869,15.1596531264263
W0877,City,IT,46,11,7.22,5,68.4028356592961,0.327047900773199,50.141717247081,78,1,12,0,82,Low,27.51,Low,125.641259698768,42.4201734367869,15.1596531264263
W0878,Town,Healthcare,59,3,7.45,1,69.0277403442828,0.285167327321206,51.2166303866872,117,6,11,1,54,Low,31.35,Medium,124.515487748497,27.3363384188627,45.3273231622746
W0879,City,Education,36,33,7.01,5,71.9768033657434,0.263784413811566,54.1991722318592,113,12,7,1,86,Low,34.24,Medium,124.515487748497,27.3363384188627,45.3273231622746
W0880,Town,Finance,42,11,7.48,2,94.8153944769657,0.0531391793138438,86.0549514094246,189,14,7,1,63,High,50,Low,125.641259698768,42.4201734367869,15.1596531264263
W0881,Village,Education,56,16,8.02,4,63.0231348562819,0.269178072686304,39.0597710327093,83,2,2,0,76,Low,24.46,Medium,124.515487748497,27.3363384188627,45.3273231622746
W0882,Village,Finance,35,18,8.01,2,96.6797306082218,0.0538194371684403,95.8433827245593,183,19,8,0,72,High,51.51,Low,125.641259698768,42.4201734367869,15.1596531264263
W0883,City,Education,57,30,6.67,4,83.5226165518137,0.161767304122866,69.0023602642426,159,4,2,1,63,Medium,40.11,Low,125.641259698768,42.4201734367869,15.1596531264263
W0884,City,Retail,33,10,8.6,4,73.0119604303712,0.273042783025653,35.2205233064734,72,7,0,1,89,Low,29.65,Low,125.641259698768,42.4201734367869,15.1596531264263
W0885,Town,Retail,38,18,7.69,5,84.1184785611674,0.130369327545825,76.9121875898864,137,0,1,1,53,Medium,41.37,Low,125.641259698768,42.4201734367869,15.1596531264263
W0886,Town,Retail,30,19,8.98,2,96.1996629146283,0.0535614781874332,81.2044072889047,239,7,14,0,88,High,46.06,Low,125.641259698768,42.4201734367869,15.1596531264263
W0887,City,IT,56,13,9.22,2,83.529117278771,0.141236250622336,73.6191566172881,149,17,5,1,68,Medium,43.83,Low,125.641259698768,42.4201734367869,15.1596531264263
W0888,Town,Finance,34,3,5.77,1,84.4994397502209,0.101511049298985,69.1393568162088,139,19,11,0,96,Medium,42.02,Medium,124.515487748497,27.3363384188627,45.3273231622746
W0889,City,Retail,36,10,6.47,2,92.1475366582508,0.0834473743462628,88.4058052010851,217,15,9,1,53,High,49.58,Medium,124.515487748497,27.3363384188627,45.3273231622746
W0890,Town,IT,39,1,8.48,1,63.22120271788,0.28839711382645,30.9285235462641,62,17,1,0,79,Low,25.69,Low,125.641259698768,42.4201734367869,15.1596531264263
W0891,City,Finance,54,27,5.5,3,62.9244444980078,0.366271911659289,42.5593259044618,66,19,5,0,68,Low,27.55,Low,125.641259698768,42.4201734367869,15.1596531264263
W0892,City,Education,27,8,9.2,3,75.7851223696914,0.188714523834852,76.3078793696339,155,11,13,1,80,Medium,40.37,Medium,124.515487748497,27.3363384188627,45.3273231622746
W0893,City,IT,48,17,7.09,3,90.2027997376742,0.0622315356454264,93.2335012143506,190,12,0,0,80,High,47.56,Medium,124.515487748497,27.3363384188627,45.3273231622746
W0894,Town,Healthcare,44,9,8.19,2,73.5239229238045,0.386765992275805,57.5259446481213,70,12,10,1,58,Low,34.12,Low,125.641259698768,42.4201734367869,15.1596531264263
W0895,Town,IT,48,6,7.36,2,75.8138730743756,0.239367452903699,64.2278998393715,130,9,12,0,62,Medium,35.05,Low,125.641259698768,42.4201734367869,15.1596531264263
W0896,Town,IT,55,25,5.83,1,93.5007131227495,0.0260555965986449,90.9383258556444,199,6,0,0,63,High,47.26,Low,125.641259698768,42.4201734367869,15.1596531264263
W0897,City,Finance,59,28,8.77,4,76.1318552230056,0.231239998652597,76.3162739246269,178,13,4,1,95,Medium,40.46,Medium,124.515487748497,27.3363384188627,45.3273231622746
W0898,Town,Education,35,33,10.8,1,62.2771539526697,0.311161037039458,54.1000530849079,61,15,9,0,59,Low,29.42,Low,125.641259698768,42.4201734367869,15.1596531264263
W0899,Town,Healthcare,57,9,6.88,3,64.4107835704612,0.328550859999848,44.075798764932,70,14,12,1,97,Low,29.68,Low,125.641259698768,42.4201734367869,15.1596531264263
W0900,City,Retail,29,18,7.11,1,98.9145506455637,0.0165877924662536,82.9901727904139,217,11,10,1,80,High,50.4,Medium,124.515487748497,27.3363384188627,45.3273231622746
W0901,Village,Retail,56,21,4.32,4,69.2049192197892,0.279192888148685,41.3308058253841,81,8,8,1,86,Low,29.87,Medium,124.515487748497,27.3363384188627,45.3273231622746
W0902,City,IT,40,2,9.12,2,94.1155574654503,0.0158757915112083,98.4536286801323,237,7,13,0,72,High,49.27,Medium,124.515487748497,27.3363384188627,45.3273231622746
W0903,Town,Finance,51,15,8.59,1,81.2738017925122,0.240628898013937,73.996477969157,147,17,7,0,76,Medium,40.24,Low,125.641259698768,42.4201734367869,15.1596531264263
W0904,City,Finance,35,28,5.42,3,84.8599797783099,0.137921336694747,74.4166976828248,140,17,2,0,55,Medium,42.42,Low,125.641259698768,42.4201734367869,15.1596531264263
W0905,Village,Retail,41,18,5.02,3,98.7869758382608,0.0356888662280401,85.9977148011161,219,12,14,1,75,High,50.97,Medium,124.515487748497,27.3363384188627,45.3273231622746
W0906,City,Healthcare,46,34,5.16,2,87.685364295013,0.119608977485091,70.855915423714,144,17,2,1,51,Medium,44.74,Medium,124.515487748497,27.3363384188627,45.3273231622746
W0907,Town,Education,45,22,8.27,1,69.4975040496827,0.349079862315473,47.8246417491117,68,14,14,0,94,Low,29.75,Medium,124.515487748497,27.3363384188627,45.3273231622746
W0908,Village,Healthcare,35,11,8.39,4,77.4492441916744,0.189457812760484,75.8781591566612,127,3,0,0,62,Medium,37.17,Low,125.641259698768,42.4201734367869,15.1596531264263
W0909,Town,Education,47,13,6.39,2,87.9739050607473,0.204798547012186,64.8863655844641,125,16,13,1,99,Medium,42.57,Low,125.641259698768,42.4201734367869,15.1596531264263
W0910,Village,Retail,59,4,8.1,1,68.233472775388,0.387627695282436,45.8491512771401,78,4,2,0,68,Low,26.6,Medium,124.515487748497,27.3363384188627,45.3273231622746
W0911,Village,Education,44,22,7.69,5,64.4069987320374,0.25785231502144,57.5110285734904,102,15,14,1,50,Low,33.29,Medium,124.515487748497,27.3363384188627,45.3273231622746
W0912,City,Finance,43,7,7.06,3,98.6969020125955,0.0675891888708294,99.8727089698588,222,8,13,0,89,High,50.6,Low,125.641259698768,42.4201734367869,15.1596531264263
W0913,City,IT,40,24,8.66,4,67.1776330126034,0.351362014052077,57.8473174308417,74,9,11,1,81,Low,32.04,Low,125.641259698768,42.4201734367869,15.1596531264263
W0914,Town,IT,24,4,6.05,4,66.5282418597466,0.379097783108143,45.1328735235486,88,17,11,0,71,Low,28.63,Low,125.641259698768,42.4201734367869,15.1596531264263
W0915,City,Retail,40,28,8.88,4,73.0377327836187,0.309681788121605,57.6374691051728,109,16,11,0,97,Low,33.59,Medium,124.515487748497,27.3363384188627,45.3273231622746
W0916,City,Finance,30,15,6.63,3,90.5052022667233,0.0665849364600128,81.4335875935067,182,17,12,1,78,High,48.25,Medium,124.515487748497,27.3363384188627,45.3273231622746
W0917,Village,Healthcare,49,1,9.64,1,94.6032698477783,0.0566466605979634,82.9876909354246,236,6,10,1,51,High,47.71,Low,125.641259698768,42.4201734367869,15.1596531264263
W0918,City,Finance,41,3,6.29,2,61.3083547773643,0.356022916751522,44.1894145676091,60,3,0,1,89,Low,26.3,Low,125.641259698768,42.4201734367869,15.1596531264263
W0919,Village,IT,28,14,7.08,1,90.0245458644385,0.0415711309149848,94.5663102098747,201,4,7,0,87,High,46.39,Medium,124.515487748497,27.3363384188627,45.3273231622746
W0920,Village,IT,35,1,7.57,2,61.3183757754613,0.290099432254402,48.2832906200303,103,15,0,1,97,Low,30.19,Low,125.641259698768,42.4201734367869,15.1596531264263
W0921,Village,Finance,30,21,7.56,4,99.241479491367,0.0775315753880376,91.4885696600629,231,2,4,1,60,High,49.79,Low,125.641259698768,42.4201734367869,15.1596531264263
W0922,Town,Finance,40,29,8.09,1,92.5922548714516,0.0122338575962141,98.8480572951398,218,17,8,0,66,High,50.92,Medium,124.515487748497,27.3363384188627,45.3273231622746
W0923,Town,IT,35,5,5.96,4,69.9823948320474,0.256041724410308,41.2060512930869,74,13,6,1,92,Low,31.31,Low,125.641259698768,42.4201734367869,15.1596531264263
W0924,Town,Healthcare,59,10,7.46,5,91.6838529830306,0.0767495833509307,94.9889357586773,211,14,3,1,57,High,50.62,Medium,124.515487748497,27.3363384188627,45.3273231622746
W0925,Village,Retail,57,28,7.67,4,84.1647009411588,0.220343322454553,78.7758663618125,129,16,10,1,71,Medium,44.05,Low,125.641259698768,42.4201734367869,15.1596531264263
W0926,Town,Retail,38,21,6.87,4,81.2908027350255,0.163343816925375,64.798660354121,153,0,8,0,53,Medium,35.78,Low,125.641259698768,42.4201734367869,15.1596531264263
W0927,Town,Finance,51,7,7.98,2,70.0470382087984,0.363246809972374,32.5802905402108,97,16,8,0,60,Low,27.14,Medium,124.515487748497,27.3363384188627,45.3273231622746
W0928,City,Retail,30,3,5.88,5,70.089350144442,0.25728256408133,48.884576936375,109,10,1,0,57,Low,30.28,Medium,124.515487748497,27.3363384188627,45.3273231622746
W0929,Town,IT,54,20,7.11,4,75.6877765144859,0.150211529769904,69.6764908229186,146,16,9,1,58,Medium,40.4,Low,125.641259698768,42.4201734367869,15.1596531264263
W0930,Town,IT,46,19,6.6,4,82.7284532617579,0.153606460517194,78.3538811057582,121,13,9,0,75,Medium,41.6,Medium,124.515487748497,27.3363384188627,45.3273231622746
W0931,Village,Finance,35,4,7.11,5,60.6377021835149,0.295034066731208,45.4021732537805,95,19,10,1,51,Low,30.16,Medium,124.515487748497,27.3363384188627,45.3273231622746
W0932,Village,Finance,32,5,9.24,5,95.478115847248,0.0743299172306979,84.3388645081467,223,18,11,1,65,High,50.46,Medium,124.515487748497,27.3363384188627,45.3273231622746
W0933,Village,Finance,56,1,9.26,1,77.1828651026904,0.166277213076079,69.621056994369,164,6,5,1,80,Medium,38.68,Medium,124.515487748497,27.3363384188627,45.3273231622746
W0934,Village,Healthcare,35,4,9.02,2,97.1844147473554,0.0392029534803591,98.0985903396363,213,12,3,0,55,High,50.87,Medium,124.515487748497,27.3363384188627,45.3273231622746
W0935,Village,Retail,51,12,6.95,5,76.4733865730872,0.215342570073909,73.083918743605,126,17,7,0,70,Medium,38.86,Medium,124.515487748497,27.3363384188627,45.3273231622746
W0936,Village,Finance,25,27,8.59,5,97.9455229442171,0.00400131305351243,86.6461982147992,182,13,11,1,75,High,51.35,Medium,124.515487748497,27.3363384188627,45.3273231622746
W0937,Town,Education,25,23,7.63,3,82.5128046602253,0.243697308041365,71.1819879464739,124,0,10,1,68,Medium,38.6,Low,125.641259698768,42.4201734367869,15.1596531264263
W0938,Village,Education,49,25,7.55,5,85.2388313325938,0.248399993024241,65.1784053099676,139,6,6,0,77,Medium,37.38,Low,125.641259698768,42.4201734367869,15.1596531264263
W0939,Village,IT,29,21,7.41,2,60.6446322406286,0.302953640403798,58.1101988948108,94,7,6,0,57,Low,28.23,Medium,124.515487748497,27.3363384188627,45.3273231622746
W0940,City,Retail,23,24,9.61,4,91.0407595641825,0.0789333482340552,90.6466120517421,189,17,10,0,63,High,48.13,Low,125.641259698768,42.4201734367869,15.1596531264263
W0941,Town,Finance,43,25,9.14,4,72.5686900852686,0.327916452633165,43.5375162741177,92,8,9,1,73,Low,30.84,Medium,124.515487748497,27.3363384188627,45.3273231622746
W0942,Town,Education,37,32,8.39,4,90.3039741481153,0.0433622586901674,91.3902373868884,192,0,8,0,97,High,45.02,Medium,124.515487748497,27.3363384188627,45.3273231622746
W0943,Town,Retail,50,32,7.3,4,86.419929780029,0.160489063183373,77.7753652507236,164,16,12,0,93,Medium,43.14,Low,125.641259698768,42.4201734367869,15.1596531264263
W0944,Village,IT,51,5,7.55,3,81.150245812592,0.211912323485934,63.8912289738442,170,18,4,0,86,Medium,38.68,Low,125.641259698768,42.4201734367869,15.1596531264263
W0945,Village,Healthcare,33,16,8.14,5,69.0475352472007,0.255212512260107,55.7776439484312,112,5,5,1,75,Low,32.36,Medium,124.515487748497,27.3363384188627,45.3273231622746
W0946,Village,Retail,56,33,6.87,4,86.6974970177543,0.159871249164093,68.5109059263661,125,2,0,0,80,Medium,38.56,Low,125.641259698768,42.4201734367869,15.1596531264263
W0947,City,Retail,32,21,8.63,1,94.1051664036255,0.0866128752292316,94.848410237428,221,4,5,1,81,High,49.23,Medium,124.515487748497,27.3363384188627,45.3273231622746
W0948,Village,Healthcare,42,9,6.39,4,84.5042952534684,0.184479713867224,63.0823618508335,121,1,1,1,99,Medium,38.37,Medium,124.515487748497,27.3363384188627,45.3273231622746
W0949,City,Retail,42,6,7.97,5,92.5598495379078,0.0660647889138568,87.2908394017777,202,19,5,1,90,High,50.45,Low,125.641259698768,42.4201734367869,15.1596531264263
W0950,Town,IT,26,22,4.75,4,70.7381754197308,0.391296164821539,36.2694686422438,73,3,8,0,51,Low,25.19,Low,125.641259698768,42.4201734367869,15.1596531264263
W0951,Village,IT,41,5,6.84,3,75.2830452820692,0.20061400325673,68.9163632842846,163,9,7,0,74,Medium,36.23,Low,125.641259698768,42.4201734367869,15.1596531264263
W0952,City,Healthcare,58,23,9.99,2,60.1991951322083,0.367313502193541,53.556585607281,75,9,8,0,93,Low,26.93,Medium,124.515487748497,27.3363384188627,45.3273231622746
W0953,City,Finance,24,17,8.74,2,96.0950512244943,0.0367832224320956,88.313220030009,227,10,12,1,51,High,50.22,Low,125.641259698768,42.4201734367869,15.1596531264263
W0954,Village,Education,54,12,9.34,5,96.2138460807383,0.0178484074347085,95.1376721530607,229,15,14,0,91,High,50.81,Medium,124.515487748497,27.3363384188627,45.3273231622746
W0955,Town,Finance,30,23,6.7,2,69.2781139271545,0.350815760052065,37.3136596814096,74,16,9,1,50,Low,29.97,Medium,124.515487748497,27.3363384188627,45.3273231622746
W0956,Town,Retail,30,16,7.62,2,87.6307200617133,0.101785670327178,69.4717747587921,157,15,7,0,85,Medium,42.23,Medium,124.515487748497,27.3363384188627,45.3273231622746
W0957,Town,Education,25,3,9.04,1,67.4753916570891,0.259252044437964,36.0536305895603,107,6,2,0,61,Low,26.11,Low,125.641259698768,42.4201734367869,15.1596531264263
W0958,City,Healthcare,56,30,8.26,5,68.7630625158819,0.31252738592401,48.0520806224807,114,15,7,0,58,Low,30.16,Low,125.641259698768,42.4201734367869,15.1596531264263
W0959,City,Healthcare,38,22,8.11,5,99.436336706485,0.0693466905964027,98.8080274452437,231,2,5,0,85,High,49.4,Low,125.641259698768,42.4201734367869,15.1596531264263
W0960,City,Education,55,9,9.46,2,65.2124073088397,0.292007980842484,37.9373182551693,68,15,12,1,90,Low,29.26,Low,125.641259698768,42.4201734367869,15.1596531264263
W0961,City,IT,45,29,6.25,2,60.4310119640505,0.358570416494579,56.2585920719851,112,7,5,1,77,Low,29.24,Low,125.641259698768,42.4201734367869,15.1596531264263
W0962,Town,Education,53,23,7.28,2,95.6906699824209,0.038258882367092,86.5166003987479,198,11,5,1,87,High,49.91,Low,125.641259698768,42.4201734367869,15.1596531264263
W0963,Village,Retail,22,13,5.4,3,61.2692692391307,0.350086724294986,38.2185331425472,68,2,2,1,82,Low,24.95,Low,125.641259698768,42.4201734367869,15.1596531264263
W0964,City,IT,29,32,6.19,4,70.4218059964979,0.375156679548461,40.1974142267976,63,16,9,0,91,Low,28.64,Medium,124.515487748497,27.3363384188627,45.3273231622746
W0965,City,Healthcare,44,23,8.79,3,96.2162957804321,0.0128229947303774,85.3036175026065,215,17,0,1,95,High,51.29,Medium,124.515487748497,27.3363384188627,45.3273231622746
W0966,Town,Education,33,17,6.4,5,85.3531432641989,0.217545745322176,65.7349432847028,137,10,11,1,71,Medium,40.63,Medium,124.515487748497,27.3363384188627,45.3273231622746
W0967,Village,Finance,33,21,8.38,1,78.1800872437173,0.158443902603702,71.5226977353274,141,3,13,1,74,Medium,38.83,Low,125.641259698768,42.4201734367869,15.1596531264263
W0968,Village,Finance,36,2,9.49,4,99.8797532097737,0.000808467653001088,88.7497888172627,235,15,3,0,67,High,50.8,Low,125.641259698768,42.4201734367869,15.1596531264263
W0969,Town,Retail,40,6,7.29,1,78.1966317123063,0.103721399506385,67.2917046767569,172,16,9,1,55,Medium,41.15,Low,125.641259698768,42.4201734367869,15.1596531264263
W0970,Town,Finance,47,18,8.12,5,62.5283469106661,0.255765008920205,37.9765789827345,82,8,11,1,67,Low,27.43,Low,125.641259698768,42.4201734367869,15.1596531264263
W0971,Village,Education,50,30,8.39,5,64.1144611647905,0.258535222074643,31.5222733346379,109,5,5,0,65,Low,24,Medium,124.515487748497,27.3363384188627,45.3273231622746
W0972,City,Education,43,22,6.03,1,81.0118630159316,0.166193170419992,61.2469319113791,169,19,10,0,64,Medium,38.76,Low,125.641259698768,42.4201734367869,15.1596531264263
W0973,Village,Finance,42,33,6.76,1,61.4270732753565,0.324035918990347,50.1998648642854,114,1,11,1,97,Low,27.48,Medium,124.515487748497,27.3363384188627,45.3273231622746
W0974,Town,Education,59,30,6.3,1,94.2358582687908,0.0702627106323652,98.8554400221055,208,8,9,1,57,High,51.03,Medium,124.515487748497,27.3363384188627,45.3273231622746
W0975,City,Retail,41,17,6.86,5,83.9105899197014,0.159082695241243,65.6692297576679,120,5,1,0,62,Medium,37.77,Low,125.641259698768,42.4201734367869,15.1596531264263
W0976,City,IT,50,32,8.36,2,91.1058634396396,0.0627732735562266,83.7349256919466,226,2,6,1,92,High,45.95,Low,125.641259698768,42.4201734367869,15.1596531264263
W0977,Town,Retail,25,14,6.79,1,81.4596166715581,0.169413991134096,70.3321714012876,154,19,6,0,56,Medium,40.67,Medium,124.515487748497,27.3363384188627,45.3273231622746
W0978,Town,Retail,28,10,7.46,4,75.2704576494808,0.175301893659963,71.1778476182312,138,5,10,1,66,Medium,38.12,Low,125.641259698768,42.4201734367869,15.1596531264263
W0979,Town,Education,49,34,6.25,5,96.6836522659043,0.0228177717129171,86.3474466613491,232,6,3,1,99,High,49.34,Medium,124.515487748497,27.3363384188627,45.3273231622746
W0980,Village,IT,49,9,8.97,3,93.5114369055681,0.0361099640626467,97.0442841344596,228,0,3,1,81,High,49.2,Low,125.641259698768,42.4201734367869,15.1596531264263
W0981,Village,Education,25,28,6.85,3,99.7097532986006,0.0983080445953,91.5931592735263,218,0,14,1,71,High,49.34,Medium,124.515487748497,27.3363384188627,45.3273231622746
W0982,City,Healthcare,43,11,9.33,4,93.2850905433786,0.0952451263146385,80.4975176402921,211,4,0,1,62,High,46.02,Medium,124.515487748497,27.3363384188627,45.3273231622746
W0983,Town,Education,33,14,7.57,2,98.2919514101594,0.0399832459350205,80.6808901240053,187,5,12,0,96,High,46.3,Medium,124.515487748497,27.3363384188627,45.3273231622746
W0984,City,Education,24,19,5.81,1,79.2367119911464,0.191847007727038,68.3283227366727,134,12,1,0,72,Medium,37.97,Low,125.641259698768,42.4201734367869,15.1596531264263
W0985,City,Education,43,15,7.29,5,83.313164431816,0.131207432233765,66.1531668445831,156,1,8,1,78,Medium,39.18,Medium,124.515487748497,27.3363384188627,45.3273231622746
W0986,City,IT,23,28,6.22,1,99.326819023605,0.0264492873347479,82.9978859065632,237,14,9,1,71,High,51.03,Low,125.641259698768,42.4201734367869,15.1596531264263
W0987,City,Education,45,24,8.21,5,85.6828484526826,0.199653092898908,64.6709284159298,146,14,7,1,50,Medium,41.5,Low,125.641259698768,42.4201734367869,15.1596531264263
W0988,Town,IT,55,8,7.19,3,64.200426728337,0.29224795145267,47.5229457996321,94,12,7,0,78,Low,28.28,Medium,124.515487748497,27.3363384188627,45.3273231622746
W0989,City,Finance,48,9,7.7,1,70.7176769573904,0.260370000372623,34.2735676624924,105,13,8,0,97,Low,28.11,Medium,124.515487748497,27.3363384188627,45.3273231622746
W0990,Town,Healthcare,22,33,7.06,4,73.5210814214975,0.251235436238794,55.5118954587463,85,6,14,0,54,Low,31.88,Medium,124.515487748497,27.3363384188627,45.3273231622746
W0991,Town,IT,29,33,6.83,2,90.5341376324955,0.0615126582550312,80.9479715586233,231,13,6,0,84,High,45.43,Low,125.641259698768,42.4201734367869,15.1596531264263
W0992,Village,Finance,44,19,6.33,4,69.8996885952213,0.338150357720989,39.2202405614979,99,9,12,0,59,Low,27.27,Medium,124.515487748497,27.3363384188627,45.3273231622746
W0993,Town,IT,59,3,8.5,2,92.239384333097,0.0853145316558592,85.0807079689502,220,16,8,0,68,High,47.13,Low,125.641259698768,42.4201734367869,15.1596531264263
W0994,Village,IT,27,10,7.29,1,98.3427789905546,0.0308792029800596,88.2032753846128,181,13,9,0,86,High,49.51,Medium,124.515487748497,27.3363384188627,45.3273231622746
W0995,Town,Healthcare,43,1,7.12,1,94.3285110679567,0.0197670936874269,90.9696717149825,229,7,11,0,56,High,47.79,Low,125.641259698768,42.4201734367869,15.1596531264263
W0996,Town,Retail,46,29,7.26,2,96.4513712393572,0.0282366067552057,85.9119824996976,228,3,1,1,95,High,48.53,Low,125.641259698768,42.4201734367869,15.1596531264263
W0997,Town,Retail,39,34,6.69,3,61.9920070605531,0.356271737970525,31.969859922462,91,15,5,0,84,Low,24.47,Medium,124.515487748497,27.3363384188627,45.3273231622746
W0998,Village,IT,38,13,7.13,5,97.3668587586937,0.0297317709512047,81.1712542104096,206,12,14,0,94,High,47.63,Medium,124.515487748497,27.3363384188627,45.3273231622746
W0999,Village,Education,33,1,7.75,4,99.4483545302074,0.0779608642542465,92.042036602547,194,19,2,0,62,High,51.34,Medium,124.515487748497,27.3363384188627,45.3273231622746
W1000,City,Finance,27,34,6.26,4,76.8290836437531,0.195989603117579,74.6708942983692,168,17,10,0,59,Medium,39.49,Medium,124.515487748497,27.3363384188627,45.3273231622746
